[    1285ms] [INFO] %cDownload the React DevTools for a better development experience: https://react.dev/link/react-devtools font-weight:bold @ http://localhost:3000/_next/static/chunks/node_modules_next_dist_1e8vcs8._.js:791
[    1357ms] [LOG] [HMR] connected @ http://localhost:3000/_next/static/chunks/node_modules_next_dist_1e8vcs8._.js:791
[    1629ms] [LOG] Loading Tawk.to widget... @ http://localhost:3000/_next/static/chunks/node_modules_next_dist_1e8vcs8._.js:791
[    1634ms] [LOG] Tawk.to already loaded @ http://localhost:3000/_next/static/chunks/node_modules_next_dist_1e8vcs8._.js:791
[    1839ms] [LOG] Tawk.to script loaded successfully @ http://localhost:3000/_next/static/chunks/node_modules_next_dist_1e8vcs8._.js:791
[    3057ms] [LOG] Tawk.to widget fully loaded and ready @ http://localhost:3000/_next/static/chunks/node_modules_next_dist_1e8vcs8._.js:791
[    3057ms] [LOG] Tawk.to auto-popup already shown before, skipping @ http://localhost:3000/_next/static/chunks/node_modules_next_dist_1e8vcs8._.js:791
[ 3472941ms] [LOG] [Fast Refresh] rebuilding @ http://localhost:3000/_next/static/chunks/node_modules_next_dist_1e8vcs8._.js:791
[ 3473297ms] [LOG] [Fast Refresh] done in 347ms @ http://localhost:3000/_next/static/chunks/node_modules_next_dist_1e8vcs8._.js:791
[ 3698482ms] [LOG] [Fast Refresh] rebuilding @ http://localhost:3000/_next/static/chunks/node_modules_next_dist_1e8vcs8._.js:791
[ 3698580ms] [LOG] [Fast Refresh] done in 132ms @ http://localhost:3000/_next/static/chunks/node_modules_next_dist_1e8vcs8._.js:791
[ 3698642ms] [LOG] [Fast Refresh] done in 132ms @ http://localhost:3000/_next/static/chunks/node_modules_next_dist_1e8vcs8._.js:791
[ 4183709ms] [LOG] [Fast Refresh] rebuilding @ http://localhost:3000/_next/static/chunks/node_modules_next_dist_1e8vcs8._.js:791
[ 4183939ms] [LOG] [Fast Refresh] done in 336ms @ http://localhost:3000/_next/static/chunks/node_modules_next_dist_1e8vcs8._.js:791
[ 4497022ms] [LOG] [Fast Refresh] rebuilding @ http://localhost:3000/_next/static/chunks/node_modules_next_dist_1e8vcs8._.js:791
[ 4497098ms] [LOG] [Fast Refresh] done in 97ms @ http://localhost:3000/_next/static/chunks/node_modules_next_dist_1e8vcs8._.js:791
[ 4497154ms] [LOG] [Fast Refresh] done in 97ms @ http://localhost:3000/_next/static/chunks/node_modules_next_dist_1e8vcs8._.js:791
[ 4497217ms] [LOG] [Fast Refresh] done in 97ms @ http://localhost:3000/_next/static/chunks/node_modules_next_dist_1e8vcs8._.js:791
[ 4497276ms] [LOG] [Fast Refresh] done in 97ms @ http://localhost:3000/_next/static/chunks/node_modules_next_dist_1e8vcs8._.js:791
[ 4497346ms] [LOG] [Fast Refresh] done in 97ms @ http://localhost:3000/_next/static/chunks/node_modules_next_dist_1e8vcs8._.js:791
[ 4497408ms] [LOG] [Fast Refresh] done in 97ms @ http://localhost:3000/_next/static/chunks/node_modules_next_dist_1e8vcs8._.js:791
[ 4497469ms] [LOG] [Fast Refresh] done in 97ms @ http://localhost:3000/_next/static/chunks/node_modules_next_dist_1e8vcs8._.js:791
[ 4497517ms] [LOG] [Fast Refresh] done in 97ms @ http://localhost:3000/_next/static/chunks/node_modules_next_dist_1e8vcs8._.js:791
[ 4497581ms] [LOG] [Fast Refresh] done in 97ms @ http://localhost:3000/_next/static/chunks/node_modules_next_dist_1e8vcs8._.js:791
[ 4497642ms] [LOG] [Fast Refresh] done in 97ms @ http://localhost:3000/_next/static/chunks/node_modules_next_dist_1e8vcs8._.js:791
[ 4497705ms] [LOG] [Fast Refresh] done in 97ms @ http://localhost:3000/_next/static/chunks/node_modules_next_dist_1e8vcs8._.js:791
[ 4497768ms] [LOG] [Fast Refresh] done in 97ms @ http://localhost:3000/_next/static/chunks/node_modules_next_dist_1e8vcs8._.js:791
[ 4497831ms] [LOG] [Fast Refresh] done in 97ms @ http://localhost:3000/_next/static/chunks/node_modules_next_dist_1e8vcs8._.js:791
[ 4497894ms] [LOG] [Fast Refresh] done in 97ms @ http://localhost:3000/_next/static/chunks/node_modules_next_dist_1e8vcs8._.js:791
[ 4497956ms] [LOG] [Fast Refresh] done in 97ms @ http://localhost:3000/_next/static/chunks/node_modules_next_dist_1e8vcs8._.js:791
[ 4498018ms] [LOG] [Fast Refresh] done in 97ms @ http://localhost:3000/_next/static/chunks/node_modules_next_dist_1e8vcs8._.js:791
[ 4498081ms] [LOG] [Fast Refresh] done in 97ms @ http://localhost:3000/_next/static/chunks/node_modules_next_dist_1e8vcs8._.js:791
[ 4498143ms] [LOG] [Fast Refresh] done in 97ms @ http://localhost:3000/_next/static/chunks/node_modules_next_dist_1e8vcs8._.js:791
[ 4498206ms] [LOG] [Fast Refresh] done in 97ms @ http://localhost:3000/_next/static/chunks/node_modules_next_dist_1e8vcs8._.js:791
[ 4498268ms] [LOG] [Fast Refresh] done in 97ms @ http://localhost:3000/_next/static/chunks/node_modules_next_dist_1e8vcs8._.js:791
[ 4498329ms] [LOG] [Fast Refresh] done in 97ms @ http://localhost:3000/_next/static/chunks/node_modules_next_dist_1e8vcs8._.js:791
[ 4498383ms] [LOG] [Fast Refresh] done in 97ms @ http://localhost:3000/_next/static/chunks/node_modules_next_dist_1e8vcs8._.js:791
[ 4498444ms] [LOG] [Fast Refresh] done in 97ms @ http://localhost:3000/_next/static/chunks/node_modules_next_dist_1e8vcs8._.js:791
[ 4498509ms] [LOG] [Fast Refresh] done in 97ms @ http://localhost:3000/_next/static/chunks/node_modules_next_dist_1e8vcs8._.js:791
[ 4498570ms] [LOG] [Fast Refresh] done in 97ms @ http://localhost:3000/_next/static/chunks/node_modules_next_dist_1e8vcs8._.js:791
[ 4498630ms] [LOG] [Fast Refresh] done in 97ms @ http://localhost:3000/_next/static/chunks/node_modules_next_dist_1e8vcs8._.js:791
[ 4498693ms] [LOG] [Fast Refresh] done in 97ms @ http://localhost:3000/_next/static/chunks/node_modules_next_dist_1e8vcs8._.js:791
[ 4498755ms] [LOG] [Fast Refresh] done in 97ms @ http://localhost:3000/_next/static/chunks/node_modules_next_dist_1e8vcs8._.js:791
[ 4498817ms] [LOG] [Fast Refresh] done in 97ms @ http://localhost:3000/_next/static/chunks/node_modules_next_dist_1e8vcs8._.js:791
[ 4498879ms] [LOG] [Fast Refresh] done in 97ms @ http://localhost:3000/_next/static/chunks/node_modules_next_dist_1e8vcs8._.js:791
[ 4498940ms] [LOG] [Fast Refresh] done in 97ms @ http://localhost:3000/_next/static/chunks/node_modules_next_dist_1e8vcs8._.js:791
[ 4499002ms] [LOG] [Fast Refresh] done in 97ms @ http://localhost:3000/_next/static/chunks/node_modules_next_dist_1e8vcs8._.js:791
[ 4499063ms] [LOG] [Fast Refresh] done in 97ms @ http://localhost:3000/_next/static/chunks/node_modules_next_dist_1e8vcs8._.js:791
[ 4499125ms] [LOG] [Fast Refresh] done in 97ms @ http://localhost:3000/_next/static/chunks/node_modules_next_dist_1e8vcs8._.js:791
[ 4499186ms] [LOG] [Fast Refresh] done in 97ms @ http://localhost:3000/_next/static/chunks/node_modules_next_dist_1e8vcs8._.js:791
[ 4499249ms] [LOG] [Fast Refresh] done in 97ms @ http://localhost:3000/_next/static/chunks/node_modules_next_dist_1e8vcs8._.js:791
[ 4499312ms] [LOG] [Fast Refresh] done in 97ms @ http://localhost:3000/_next/static/chunks/node_modules_next_dist_1e8vcs8._.js:791
[ 4499376ms] [LOG] [Fast Refresh] done in 97ms @ http://localhost:3000/_next/static/chunks/node_modules_next_dist_1e8vcs8._.js:791
[ 4499435ms] [LOG] [Fast Refresh] done in 97ms @ http://localhost:3000/_next/static/chunks/node_modules_next_dist_1e8vcs8._.js:791
[ 4499498ms] [LOG] [Fast Refresh] done in 97ms @ http://localhost:3000/_next/static/chunks/node_modules_next_dist_1e8vcs8._.js:791
[ 4499560ms] [LOG] [Fast Refresh] done in 97ms @ http://localhost:3000/_next/static/chunks/node_modules_next_dist_1e8vcs8._.js:791
[ 4499622ms] [LOG] [Fast Refresh] done in 97ms @ http://localhost:3000/_next/static/chunks/node_modules_next_dist_1e8vcs8._.js:791
[ 4499685ms] [LOG] [Fast Refresh] done in 97ms @ http://localhost:3000/_next/static/chunks/node_modules_next_dist_1e8vcs8._.js:791
[ 4499746ms] [LOG] [Fast Refresh] done in 97ms @ http://localhost:3000/_next/static/chunks/node_modules_next_dist_1e8vcs8._.js:791
[ 4499808ms] [LOG] [Fast Refresh] done in 97ms @ http://localhost:3000/_next/static/chunks/node_modules_next_dist_1e8vcs8._.js:791
[ 4499870ms] [LOG] [Fast Refresh] done in 97ms @ http://localhost:3000/_next/static/chunks/node_modules_next_dist_1e8vcs8._.js:791
[ 4499933ms] [LOG] [Fast Refresh] done in 97ms @ http://localhost:3000/_next/static/chunks/node_modules_next_dist_1e8vcs8._.js:791
[ 4499996ms] [LOG] [Fast Refresh] done in 97ms @ http://localhost:3000/_next/static/chunks/node_modules_next_dist_1e8vcs8._.js:791
[ 4500059ms] [LOG] [Fast Refresh] done in 97ms @ http://localhost:3000/_next/static/chunks/node_modules_next_dist_1e8vcs8._.js:791
[ 4500121ms] [LOG] [Fast Refresh] done in 97ms @ http://localhost:3000/_next/static/chunks/node_modules_next_dist_1e8vcs8._.js:791
[ 4500183ms] [LOG] [Fast Refresh] done in 97ms @ http://localhost:3000/_next/static/chunks/node_modules_next_dist_1e8vcs8._.js:791
[ 4500246ms] [LOG] [Fast Refresh] done in 97ms @ http://localhost:3000/_next/static/chunks/node_modules_next_dist_1e8vcs8._.js:791
[ 4500307ms] [LOG] [Fast Refresh] done in 97ms @ http://localhost:3000/_next/static/chunks/node_modules_next_dist_1e8vcs8._.js:791
[ 4500370ms] [LOG] [Fast Refresh] done in 97ms @ http://localhost:3000/_next/static/chunks/node_modules_next_dist_1e8vcs8._.js:791
[ 4500432ms] [LOG] [Fast Refresh] done in 97ms @ http://localhost:3000/_next/static/chunks/node_modules_next_dist_1e8vcs8._.js:791
[ 4500495ms] [LOG] [Fast Refresh] done in 97ms @ http://localhost:3000/_next/static/chunks/node_modules_next_dist_1e8vcs8._.js:791
[ 4500557ms] [LOG] [Fast Refresh] done in 97ms @ http://localhost:3000/_next/static/chunks/node_modules_next_dist_1e8vcs8._.js:791
[ 4500621ms] [LOG] [Fast Refresh] done in 97ms @ http://localhost:3000/_next/static/chunks/node_modules_next_dist_1e8vcs8._.js:791
[ 4500683ms] [LOG] [Fast Refresh] done in 97ms @ http://localhost:3000/_next/static/chunks/node_modules_next_dist_1e8vcs8._.js:791
[ 4500744ms] [LOG] [Fast Refresh] done in 97ms @ http://localhost:3000/_next/static/chunks/node_modules_next_dist_1e8vcs8._.js:791
[ 4500806ms] [LOG] [Fast Refresh] done in 97ms @ http://localhost:3000/_next/static/chunks/node_modules_next_dist_1e8vcs8._.js:791
[ 4500869ms] [LOG] [Fast Refresh] done in 97ms @ http://localhost:3000/_next/static/chunks/node_modules_next_dist_1e8vcs8._.js:791
[ 4500932ms] [LOG] [Fast Refresh] done in 97ms @ http://localhost:3000/_next/static/chunks/node_modules_next_dist_1e8vcs8._.js:791
[ 4500995ms] [LOG] [Fast Refresh] done in 97ms @ http://localhost:3000/_next/static/chunks/node_modules_next_dist_1e8vcs8._.js:791
[ 4501042ms] [LOG] [Fast Refresh] done in 97ms @ http://localhost:3000/_next/static/chunks/node_modules_next_dist_1e8vcs8._.js:791
[ 4501104ms] [LOG] [Fast Refresh] done in 97ms @ http://localhost:3000/_next/static/chunks/node_modules_next_dist_1e8vcs8._.js:791
[ 4501165ms] [LOG] [Fast Refresh] done in 97ms @ http://localhost:3000/_next/static/chunks/node_modules_next_dist_1e8vcs8._.js:791
[ 4501227ms] [LOG] [Fast Refresh] done in 97ms @ http://localhost:3000/_next/static/chunks/node_modules_next_dist_1e8vcs8._.js:791
[ 4501288ms] [LOG] [Fast Refresh] done in 97ms @ http://localhost:3000/_next/static/chunks/node_modules_next_dist_1e8vcs8._.js:791
[ 4501350ms] [LOG] [Fast Refresh] done in 97ms @ http://localhost:3000/_next/static/chunks/node_modules_next_dist_1e8vcs8._.js:791
[ 4501413ms] [LOG] [Fast Refresh] done in 97ms @ http://localhost:3000/_next/static/chunks/node_modules_next_dist_1e8vcs8._.js:791
[ 4501474ms] [LOG] [Fast Refresh] done in 97ms @ http://localhost:3000/_next/static/chunks/node_modules_next_dist_1e8vcs8._.js:791
[ 4501537ms] [LOG] [Fast Refresh] done in 97ms @ http://localhost:3000/_next/static/chunks/node_modules_next_dist_1e8vcs8._.js:791
[ 4501598ms] [LOG] [Fast Refresh] done in 97ms @ http://localhost:3000/_next/static/chunks/node_modules_next_dist_1e8vcs8._.js:791
[ 4501661ms] [LOG] [Fast Refresh] done in 97ms @ http://localhost:3000/_next/static/chunks/node_modules_next_dist_1e8vcs8._.js:791
[ 4501725ms] [LOG] [Fast Refresh] done in 97ms @ http://localhost:3000/_next/static/chunks/node_modules_next_dist_1e8vcs8._.js:791
[ 4501789ms] [LOG] [Fast Refresh] done in 97ms @ http://localhost:3000/_next/static/chunks/node_modules_next_dist_1e8vcs8._.js:791
[ 4501853ms] [LOG] [Fast Refresh] done in 97ms @ http://localhost:3000/_next/static/chunks/node_modules_next_dist_1e8vcs8._.js:791
[ 4501910ms] [LOG] [Fast Refresh] done in 97ms @ http://localhost:3000/_next/static/chunks/node_modules_next_dist_1e8vcs8._.js:791
[ 4501973ms] [LOG] [Fast Refresh] done in 97ms @ http://localhost:3000/_next/static/chunks/node_modules_next_dist_1e8vcs8._.js:791
[ 4502034ms] [LOG] [Fast Refresh] done in 97ms @ http://localhost:3000/_next/static/chunks/node_modules_next_dist_1e8vcs8._.js:791
[ 4502097ms] [LOG] [Fast Refresh] done in 97ms @ http://localhost:3000/_next/static/chunks/node_modules_next_dist_1e8vcs8._.js:791
[ 4502160ms] [LOG] [Fast Refresh] done in 97ms @ http://localhost:3000/_next/static/chunks/node_modules_next_dist_1e8vcs8._.js:791
[ 4502223ms] [LOG] [Fast Refresh] done in 97ms @ http://localhost:3000/_next/static/chunks/node_modules_next_dist_1e8vcs8._.js:791
[ 4502284ms] [LOG] [Fast Refresh] done in 97ms @ http://localhost:3000/_next/static/chunks/node_modules_next_dist_1e8vcs8._.js:791
[ 4502347ms] [LOG] [Fast Refresh] done in 97ms @ http://localhost:3000/_next/static/chunks/node_modules_next_dist_1e8vcs8._.js:791
[ 4502409ms] [LOG] [Fast Refresh] done in 97ms @ http://localhost:3000/_next/static/chunks/node_modules_next_dist_1e8vcs8._.js:791
[ 4502471ms] [LOG] [Fast Refresh] done in 97ms @ http://localhost:3000/_next/static/chunks/node_modules_next_dist_1e8vcs8._.js:791
[ 4502533ms] [LOG] [Fast Refresh] done in 97ms @ http://localhost:3000/_next/static/chunks/node_modules_next_dist_1e8vcs8._.js:791
[ 4502595ms] [LOG] [Fast Refresh] done in 97ms @ http://localhost:3000/_next/static/chunks/node_modules_next_dist_1e8vcs8._.js:791
[ 4502657ms] [LOG] [Fast Refresh] done in 97ms @ http://localhost:3000/_next/static/chunks/node_modules_next_dist_1e8vcs8._.js:791
[ 4502719ms] [LOG] [Fast Refresh] done in 97ms @ http://localhost:3000/_next/static/chunks/node_modules_next_dist_1e8vcs8._.js:791
[ 4502781ms] [LOG] [Fast Refresh] done in 97ms @ http://localhost:3000/_next/static/chunks/node_modules_next_dist_1e8vcs8._.js:791
[ 4502828ms] [LOG] [Fast Refresh] done in 97ms @ http://localhost:3000/_next/static/chunks/node_modules_next_dist_1e8vcs8._.js:791
[ 4502889ms] [LOG] [Fast Refresh] done in 97ms @ http://localhost:3000/_next/static/chunks/node_modules_next_dist_1e8vcs8._.js:791
[ 4502950ms] [LOG] [Fast Refresh] done in 97ms @ http://localhost:3000/_next/static/chunks/node_modules_next_dist_1e8vcs8._.js:791
[ 4503013ms] [LOG] [Fast Refresh] done in 97ms @ http://localhost:3000/_next/static/chunks/node_modules_next_dist_1e8vcs8._.js:791
[ 4503076ms] [LOG] [Fast Refresh] done in 97ms @ http://localhost:3000/_next/static/chunks/node_modules_next_dist_1e8vcs8._.js:791
[ 4503137ms] [LOG] [Fast Refresh] done in 97ms @ http://localhost:3000/_next/static/chunks/node_modules_next_dist_1e8vcs8._.js:791
[ 4503200ms] [LOG] [Fast Refresh] done in 97ms @ http://localhost:3000/_next/static/chunks/node_modules_next_dist_1e8vcs8._.js:791
[ 4503262ms] [LOG] [Fast Refresh] done in 97ms @ http://localhost:3000/_next/static/chunks/node_modules_next_dist_1e8vcs8._.js:791
[ 4503324ms] [LOG] [Fast Refresh] done in 97ms @ http://localhost:3000/_next/static/chunks/node_modules_next_dist_1e8vcs8._.js:791
[ 4503389ms] [LOG] [Fast Refresh] done in 97ms @ http://localhost:3000/_next/static/chunks/node_modules_next_dist_1e8vcs8._.js:791
[ 4503448ms] [LOG] [Fast Refresh] done in 97ms @ http://localhost:3000/_next/static/chunks/node_modules_next_dist_1e8vcs8._.js:791
[ 4503510ms] [LOG] [Fast Refresh] done in 97ms @ http://localhost:3000/_next/static/chunks/node_modules_next_dist_1e8vcs8._.js:791
[ 4503565ms] [LOG] [Fast Refresh] done in 97ms @ http://localhost:3000/_next/static/chunks/node_modules_next_dist_1e8vcs8._.js:791
[ 4503615ms] [LOG] [Fast Refresh] done in 97ms @ http://localhost:3000/_next/static/chunks/node_modules_next_dist_1e8vcs8._.js:791
[ 4503665ms] [LOG] [Fast Refresh] done in 97ms @ http://localhost:3000/_next/static/chunks/node_modules_next_dist_1e8vcs8._.js:791
[ 4503725ms] [LOG] [Fast Refresh] done in 97ms @ http://localhost:3000/_next/static/chunks/node_modules_next_dist_1e8vcs8._.js:791
[ 4503768ms] [LOG] [Fast Refresh] done in 97ms @ http://localhost:3000/_next/static/chunks/node_modules_next_dist_1e8vcs8._.js:791
[ 4503830ms] [LOG] [Fast Refresh] done in 97ms @ http://localhost:3000/_next/static/chunks/node_modules_next_dist_1e8vcs8._.js:791
[ 4503893ms] [LOG] [Fast Refresh] done in 97ms @ http://localhost:3000/_next/static/chunks/node_modules_next_dist_1e8vcs8._.js:791
[ 4503954ms] [LOG] [Fast Refresh] done in 97ms @ http://localhost:3000/_next/static/chunks/node_modules_next_dist_1e8vcs8._.js:791
[ 4504015ms] [LOG] [Fast Refresh] done in 97ms @ http://localhost:3000/_next/static/chunks/node_modules_next_dist_1e8vcs8._.js:791
[ 4504077ms] [LOG] [Fast Refresh] done in 97ms @ http://localhost:3000/_next/static/chunks/node_modules_next_dist_1e8vcs8._.js:791
[ 4504138ms] [LOG] [Fast Refresh] done in 97ms @ http://localhost:3000/_next/static/chunks/node_modules_next_dist_1e8vcs8._.js:791
[ 4504201ms] [LOG] [Fast Refresh] done in 97ms @ http://localhost:3000/_next/static/chunks/node_modules_next_dist_1e8vcs8._.js:791
[ 4504264ms] [LOG] [Fast Refresh] done in 97ms @ http://localhost:3000/_next/static/chunks/node_modules_next_dist_1e8vcs8._.js:791
[ 4504325ms] [LOG] [Fast Refresh] done in 97ms @ http://localhost:3000/_next/static/chunks/node_modules_next_dist_1e8vcs8._.js:791
[ 4504387ms] [LOG] [Fast Refresh] done in 97ms @ http://localhost:3000/_next/static/chunks/node_modules_next_dist_1e8vcs8._.js:791
[ 4504449ms] [LOG] [Fast Refresh] done in 97ms @ http://localhost:3000/_next/static/chunks/node_modules_next_dist_1e8vcs8._.js:791
[ 4504511ms] [LOG] [Fast Refresh] done in 97ms @ http://localhost:3000/_next/static/chunks/node_modules_next_dist_1e8vcs8._.js:791
[ 4504574ms] [LOG] [Fast Refresh] done in 97ms @ http://localhost:3000/_next/static/chunks/node_modules_next_dist_1e8vcs8._.js:791
[ 4504622ms] [LOG] [Fast Refresh] done in 97ms @ http://localhost:3000/_next/static/chunks/node_modules_next_dist_1e8vcs8._.js:791
[ 4504687ms] [LOG] [Fast Refresh] done in 97ms @ http://localhost:3000/_next/static/chunks/node_modules_next_dist_1e8vcs8._.js:791
[ 4504748ms] [LOG] [Fast Refresh] done in 97ms @ http://localhost:3000/_next/static/chunks/node_modules_next_dist_1e8vcs8._.js:791
[ 4504811ms] [LOG] [Fast Refresh] done in 97ms @ http://localhost:3000/_next/static/chunks/node_modules_next_dist_1e8vcs8._.js:791
[ 4504875ms] [LOG] [Fast Refresh] done in 97ms @ http://localhost:3000/_next/static/chunks/node_modules_next_dist_1e8vcs8._.js:791
[ 4504937ms] [LOG] [Fast Refresh] done in 97ms @ http://localhost:3000/_next/static/chunks/node_modules_next_dist_1e8vcs8._.js:791
[ 4504998ms] [LOG] [Fast Refresh] done in 97ms @ http://localhost:3000/_next/static/chunks/node_modules_next_dist_1e8vcs8._.js:791
[ 4505060ms] [LOG] [Fast Refresh] done in 97ms @ http://localhost:3000/_next/static/chunks/node_modules_next_dist_1e8vcs8._.js:791
[ 4505122ms] [LOG] [Fast Refresh] done in 97ms @ http://localhost:3000/_next/static/chunks/node_modules_next_dist_1e8vcs8._.js:791
[ 4505184ms] [LOG] [Fast Refresh] done in 97ms @ http://localhost:3000/_next/static/chunks/node_modules_next_dist_1e8vcs8._.js:791
[ 4505245ms] [LOG] [Fast Refresh] done in 97ms @ http://localhost:3000/_next/static/chunks/node_modules_next_dist_1e8vcs8._.js:791
[ 4505308ms] [LOG] [Fast Refresh] done in 97ms @ http://localhost:3000/_next/static/chunks/node_modules_next_dist_1e8vcs8._.js:791
[ 4505368ms] [LOG] [Fast Refresh] done in 97ms @ http://localhost:3000/_next/static/chunks/node_modules_next_dist_1e8vcs8._.js:791
[ 4505432ms] [LOG] [Fast Refresh] done in 97ms @ http://localhost:3000/_next/static/chunks/node_modules_next_dist_1e8vcs8._.js:791
[ 4505493ms] [LOG] [Fast Refresh] done in 97ms @ http://localhost:3000/_next/static/chunks/node_modules_next_dist_1e8vcs8._.js:791
[ 4505555ms] [LOG] [Fast Refresh] done in 97ms @ http://localhost:3000/_next/static/chunks/node_modules_next_dist_1e8vcs8._.js:791
[ 4505618ms] [LOG] [Fast Refresh] done in 97ms @ http://localhost:3000/_next/static/chunks/node_modules_next_dist_1e8vcs8._.js:791
[ 4505681ms] [LOG] [Fast Refresh] done in 97ms @ http://localhost:3000/_next/static/chunks/node_modules_next_dist_1e8vcs8._.js:791
[ 4505742ms] [LOG] [Fast Refresh] done in 97ms @ http://localhost:3000/_next/static/chunks/node_modules_next_dist_1e8vcs8._.js:791
[ 4505805ms] [LOG] [Fast Refresh] done in 97ms @ http://localhost:3000/_next/static/chunks/node_modules_next_dist_1e8vcs8._.js:791
[ 4505868ms] [LOG] [Fast Refresh] done in 97ms @ http://localhost:3000/_next/static/chunks/node_modules_next_dist_1e8vcs8._.js:791
[ 4505922ms] [LOG] [Fast Refresh] done in 97ms @ http://localhost:3000/_next/static/chunks/node_modules_next_dist_1e8vcs8._.js:791
[ 4505966ms] [LOG] [Fast Refresh] done in 97ms @ http://localhost:3000/_next/static/chunks/node_modules_next_dist_1e8vcs8._.js:791
[ 4506027ms] [LOG] [Fast Refresh] done in 97ms @ http://localhost:3000/_next/static/chunks/node_modules_next_dist_1e8vcs8._.js:791
[ 4506089ms] [LOG] [Fast Refresh] done in 97ms @ http://localhost:3000/_next/static/chunks/node_modules_next_dist_1e8vcs8._.js:791
[ 4506152ms] [LOG] [Fast Refresh] done in 97ms @ http://localhost:3000/_next/static/chunks/node_modules_next_dist_1e8vcs8._.js:791
[ 4506211ms] [LOG] [Fast Refresh] done in 97ms @ http://localhost:3000/_next/static/chunks/node_modules_next_dist_1e8vcs8._.js:791
[ 4506275ms] [LOG] [Fast Refresh] done in 97ms @ http://localhost:3000/_next/static/chunks/node_modules_next_dist_1e8vcs8._.js:791
[ 4506335ms] [LOG] [Fast Refresh] done in 97ms @ http://localhost:3000/_next/static/chunks/node_modules_next_dist_1e8vcs8._.js:791
[ 4506386ms] [LOG] [Fast Refresh] done in 97ms @ http://localhost:3000/_next/static/chunks/node_modules_next_dist_1e8vcs8._.js:791
[ 4506448ms] [LOG] [Fast Refresh] done in 97ms @ http://localhost:3000/_next/static/chunks/node_modules_next_dist_1e8vcs8._.js:791
[ 4506511ms] [LOG] [Fast Refresh] done in 97ms @ http://localhost:3000/_next/static/chunks/node_modules_next_dist_1e8vcs8._.js:791
[ 4506573ms] [LOG] [Fast Refresh] done in 97ms @ http://localhost:3000/_next/static/chunks/node_modules_next_dist_1e8vcs8._.js:791
[ 4506641ms] [LOG] [Fast Refresh] done in 97ms @ http://localhost:3000/_next/static/chunks/node_modules_next_dist_1e8vcs8._.js:791
[ 4506703ms] [LOG] [Fast Refresh] done in 97ms @ http://localhost:3000/_next/static/chunks/node_modules_next_dist_1e8vcs8._.js:791
[ 4506765ms] [LOG] [Fast Refresh] done in 97ms @ http://localhost:3000/_next/static/chunks/node_modules_next_dist_1e8vcs8._.js:791
[ 4506828ms] [LOG] [Fast Refresh] done in 97ms @ http://localhost:3000/_next/static/chunks/node_modules_next_dist_1e8vcs8._.js:791
[ 4506886ms] [LOG] [Fast Refresh] done in 97ms @ http://localhost:3000/_next/static/chunks/node_modules_next_dist_1e8vcs8._.js:791
[ 4506949ms] [LOG] [Fast Refresh] done in 97ms @ http://localhost:3000/_next/static/chunks/node_modules_next_dist_1e8vcs8._.js:791
[ 4507010ms] [LOG] [Fast Refresh] done in 97ms @ http://localhost:3000/_next/static/chunks/node_modules_next_dist_1e8vcs8._.js:791
[ 4507171ms] [LOG] [Fast Refresh] rebuilding @ http://localhost:3000/_next/static/chunks/node_modules_next_dist_1e8vcs8._.js:791
[ 4507240ms] [LOG] [Fast Refresh] done in 64ms @ http://localhost:3000/_next/static/chunks/node_modules_next_dist_1e8vcs8._.js:791
[ 4507306ms] [LOG] [Fast Refresh] done in 64ms @ http://localhost:3000/_next/static/chunks/node_modules_next_dist_1e8vcs8._.js:791
[ 4507373ms] [LOG] [Fast Refresh] done in 64ms @ http://localhost:3000/_next/static/chunks/node_modules_next_dist_1e8vcs8._.js:791
[ 4507439ms] [LOG] [Fast Refresh] done in 64ms @ http://localhost:3000/_next/static/chunks/node_modules_next_dist_1e8vcs8._.js:791
[ 4507493ms] [LOG] [Fast Refresh] done in 64ms @ http://localhost:3000/_next/static/chunks/node_modules_next_dist_1e8vcs8._.js:791
[ 4507555ms] [LOG] [Fast Refresh] done in 64ms @ http://localhost:3000/_next/static/chunks/node_modules_next_dist_1e8vcs8._.js:791
[ 4507618ms] [LOG] [Fast Refresh] done in 64ms @ http://localhost:3000/_next/static/chunks/node_modules_next_dist_1e8vcs8._.js:791
[ 4507680ms] [LOG] [Fast Refresh] done in 64ms @ http://localhost:3000/_next/static/chunks/node_modules_next_dist_1e8vcs8._.js:791
[ 4507742ms] [LOG] [Fast Refresh] done in 64ms @ http://localhost:3000/_next/static/chunks/node_modules_next_dist_1e8vcs8._.js:791
[ 4507806ms] [LOG] [Fast Refresh] done in 64ms @ http://localhost:3000/_next/static/chunks/node_modules_next_dist_1e8vcs8._.js:791
[ 4507864ms] [LOG] [Fast Refresh] done in 64ms @ http://localhost:3000/_next/static/chunks/node_modules_next_dist_1e8vcs8._.js:791
[ 4507926ms] [LOG] [Fast Refresh] done in 64ms @ http://localhost:3000/_next/static/chunks/node_modules_next_dist_1e8vcs8._.js:791
[ 4507990ms] [LOG] [Fast Refresh] done in 64ms @ http://localhost:3000/_next/static/chunks/node_modules_next_dist_1e8vcs8._.js:791
[ 4508054ms] [LOG] [Fast Refresh] done in 64ms @ http://localhost:3000/_next/static/chunks/node_modules_next_dist_1e8vcs8._.js:791
[ 4508116ms] [LOG] [Fast Refresh] done in 64ms @ http://localhost:3000/_next/static/chunks/node_modules_next_dist_1e8vcs8._.js:791
[ 4508178ms] [LOG] [Fast Refresh] done in 64ms @ http://localhost:3000/_next/static/chunks/node_modules_next_dist_1e8vcs8._.js:791
[ 4508241ms] [LOG] [Fast Refresh] done in 64ms @ http://localhost:3000/_next/static/chunks/node_modules_next_dist_1e8vcs8._.js:791
[ 4508304ms] [LOG] [Fast Refresh] done in 64ms @ http://localhost:3000/_next/static/chunks/node_modules_next_dist_1e8vcs8._.js:791
[ 4508439ms] [LOG] [Fast Refresh] done in 64ms @ http://localhost:3000/_next/static/chunks/node_modules_next_dist_1e8vcs8._.js:791
[ 4508505ms] [LOG] [Fast Refresh] done in 64ms @ http://localhost:3000/_next/static/chunks/node_modules_next_dist_1e8vcs8._.js:791
[ 4508563ms] [LOG] [Fast Refresh] done in 64ms @ http://localhost:3000/_next/static/chunks/node_modules_next_dist_1e8vcs8._.js:791
[ 4508623ms] [LOG] [Fast Refresh] done in 64ms @ http://localhost:3000/_next/static/chunks/node_modules_next_dist_1e8vcs8._.js:791
[ 4508687ms] [LOG] [Fast Refresh] done in 64ms @ http://localhost:3000/_next/static/chunks/node_modules_next_dist_1e8vcs8._.js:791
[ 4508748ms] [LOG] [Fast Refresh] done in 64ms @ http://localhost:3000/_next/static/chunks/node_modules_next_dist_1e8vcs8._.js:791
[ 4508810ms] [LOG] [Fast Refresh] done in 64ms @ http://localhost:3000/_next/static/chunks/node_modules_next_dist_1e8vcs8._.js:791
[ 4508873ms] [LOG] [Fast Refresh] done in 64ms @ http://localhost:3000/_next/static/chunks/node_modules_next_dist_1e8vcs8._.js:791
[ 4508919ms] [LOG] [Fast Refresh] done in 64ms @ http://localhost:3000/_next/static/chunks/node_modules_next_dist_1e8vcs8._.js:791
[ 4508981ms] [LOG] [Fast Refresh] done in 64ms @ http://localhost:3000/_next/static/chunks/node_modules_next_dist_1e8vcs8._.js:791
[ 4509043ms] [LOG] [Fast Refresh] done in 64ms @ http://localhost:3000/_next/static/chunks/node_modules_next_dist_1e8vcs8._.js:791
[ 4509104ms] [LOG] [Fast Refresh] done in 64ms @ http://localhost:3000/_next/static/chunks/node_modules_next_dist_1e8vcs8._.js:791
[ 4509166ms] [LOG] [Fast Refresh] done in 64ms @ http://localhost:3000/_next/static/chunks/node_modules_next_dist_1e8vcs8._.js:791
[ 4509220ms] [LOG] [Fast Refresh] done in 64ms @ http://localhost:3000/_next/static/chunks/node_modules_next_dist_1e8vcs8._.js:791
[ 4509281ms] [LOG] [Fast Refresh] done in 64ms @ http://localhost:3000/_next/static/chunks/node_modules_next_dist_1e8vcs8._.js:791
[ 4509342ms] [LOG] [Fast Refresh] done in 64ms @ http://localhost:3000/_next/static/chunks/node_modules_next_dist_1e8vcs8._.js:791
[ 4509404ms] [LOG] [Fast Refresh] done in 64ms @ http://localhost:3000/_next/static/chunks/node_modules_next_dist_1e8vcs8._.js:791
[ 4509466ms] [LOG] [Fast Refresh] done in 64ms @ http://localhost:3000/_next/static/chunks/node_modules_next_dist_1e8vcs8._.js:791
[ 4509527ms] [LOG] [Fast Refresh] done in 64ms @ http://localhost:3000/_next/static/chunks/node_modules_next_dist_1e8vcs8._.js:791
[ 4509589ms] [LOG] [Fast Refresh] done in 64ms @ http://localhost:3000/_next/static/chunks/node_modules_next_dist_1e8vcs8._.js:791
[ 4509652ms] [LOG] [Fast Refresh] done in 64ms @ http://localhost:3000/_next/static/chunks/node_modules_next_dist_1e8vcs8._.js:791
[ 4509714ms] [LOG] [Fast Refresh] done in 64ms @ http://localhost:3000/_next/static/chunks/node_modules_next_dist_1e8vcs8._.js:791
[ 4509777ms] [LOG] [Fast Refresh] done in 64ms @ http://localhost:3000/_next/static/chunks/node_modules_next_dist_1e8vcs8._.js:791
[ 4509839ms] [LOG] [Fast Refresh] done in 64ms @ http://localhost:3000/_next/static/chunks/node_modules_next_dist_1e8vcs8._.js:791
[ 4509903ms] [LOG] [Fast Refresh] done in 64ms @ http://localhost:3000/_next/static/chunks/node_modules_next_dist_1e8vcs8._.js:791
[ 4509965ms] [LOG] [Fast Refresh] done in 64ms @ http://localhost:3000/_next/static/chunks/node_modules_next_dist_1e8vcs8._.js:791
[ 4510029ms] [LOG] [Fast Refresh] done in 64ms @ http://localhost:3000/_next/static/chunks/node_modules_next_dist_1e8vcs8._.js:791
[ 4510089ms] [LOG] [Fast Refresh] done in 64ms @ http://localhost:3000/_next/static/chunks/node_modules_next_dist_1e8vcs8._.js:791
[ 4510137ms] [LOG] [Fast Refresh] done in 64ms @ http://localhost:3000/_next/static/chunks/node_modules_next_dist_1e8vcs8._.js:791
[ 4510200ms] [LOG] [Fast Refresh] done in 64ms @ http://localhost:3000/_next/static/chunks/node_modules_next_dist_1e8vcs8._.js:791
[ 4510262ms] [LOG] [Fast Refresh] done in 64ms @ http://localhost:3000/_next/static/chunks/node_modules_next_dist_1e8vcs8._.js:791
[ 4510322ms] [LOG] [Fast Refresh] done in 64ms @ http://localhost:3000/_next/static/chunks/node_modules_next_dist_1e8vcs8._.js:791
[ 4510385ms] [LOG] [Fast Refresh] done in 64ms @ http://localhost:3000/_next/static/chunks/node_modules_next_dist_1e8vcs8._.js:791
[ 4510446ms] [LOG] [Fast Refresh] done in 64ms @ http://localhost:3000/_next/static/chunks/node_modules_next_dist_1e8vcs8._.js:791
[ 4510508ms] [LOG] [Fast Refresh] done in 64ms @ http://localhost:3000/_next/static/chunks/node_modules_next_dist_1e8vcs8._.js:791
[ 4510570ms] [LOG] [Fast Refresh] done in 64ms @ http://localhost:3000/_next/static/chunks/node_modules_next_dist_1e8vcs8._.js:791
[ 4510632ms] [LOG] [Fast Refresh] done in 64ms @ http://localhost:3000/_next/static/chunks/node_modules_next_dist_1e8vcs8._.js:791
[ 4510695ms] [LOG] [Fast Refresh] done in 64ms @ http://localhost:3000/_next/static/chunks/node_modules_next_dist_1e8vcs8._.js:791
[ 4510750ms] [LOG] [Fast Refresh] done in 64ms @ http://localhost:3000/_next/static/chunks/node_modules_next_dist_1e8vcs8._.js:791
[ 4510798ms] [LOG] [Fast Refresh] done in 64ms @ http://localhost:3000/_next/static/chunks/node_modules_next_dist_1e8vcs8._.js:791
[ 4510862ms] [LOG] [Fast Refresh] done in 64ms @ http://localhost:3000/_next/static/chunks/node_modules_next_dist_1e8vcs8._.js:791
[ 4510924ms] [LOG] [Fast Refresh] done in 64ms @ http://localhost:3000/_next/static/chunks/node_modules_next_dist_1e8vcs8._.js:791
[ 4510981ms] [LOG] [Fast Refresh] done in 64ms @ http://localhost:3000/_next/static/chunks/node_modules_next_dist_1e8vcs8._.js:791
[ 4511028ms] [LOG] [Fast Refresh] done in 64ms @ http://localhost:3000/_next/static/chunks/node_modules_next_dist_1e8vcs8._.js:791
[ 4511089ms] [LOG] [Fast Refresh] done in 64ms @ http://localhost:3000/_next/static/chunks/node_modules_next_dist_1e8vcs8._.js:791
[ 4511142ms] [LOG] [Fast Refresh] done in 64ms @ http://localhost:3000/_next/static/chunks/node_modules_next_dist_1e8vcs8._.js:791
[ 4511203ms] [LOG] [Fast Refresh] done in 64ms @ http://localhost:3000/_next/static/chunks/node_modules_next_dist_1e8vcs8._.js:791
[ 4511266ms] [LOG] [Fast Refresh] done in 64ms @ http://localhost:3000/_next/static/chunks/node_modules_next_dist_1e8vcs8._.js:791
[ 4511327ms] [LOG] [Fast Refresh] done in 64ms @ http://localhost:3000/_next/static/chunks/node_modules_next_dist_1e8vcs8._.js:791
[ 4511390ms] [LOG] [Fast Refresh] done in 64ms @ http://localhost:3000/_next/static/chunks/node_modules_next_dist_1e8vcs8._.js:791
[ 4511438ms] [LOG] [Fast Refresh] done in 64ms @ http://localhost:3000/_next/static/chunks/node_modules_next_dist_1e8vcs8._.js:791
[ 4511500ms] [LOG] [Fast Refresh] done in 64ms @ http://localhost:3000/_next/static/chunks/node_modules_next_dist_1e8vcs8._.js:791
[ 4511560ms] [LOG] [Fast Refresh] done in 64ms @ http://localhost:3000/_next/static/chunks/node_modules_next_dist_1e8vcs8._.js:791
[ 4511624ms] [LOG] [Fast Refresh] done in 64ms @ http://localhost:3000/_next/static/chunks/node_modules_next_dist_1e8vcs8._.js:791
[ 4511685ms] [LOG] [Fast Refresh] done in 64ms @ http://localhost:3000/_next/static/chunks/node_modules_next_dist_1e8vcs8._.js:791
[ 4511747ms] [LOG] [Fast Refresh] done in 64ms @ http://localhost:3000/_next/static/chunks/node_modules_next_dist_1e8vcs8._.js:791
[ 4511808ms] [LOG] [Fast Refresh] done in 64ms @ http://localhost:3000/_next/static/chunks/node_modules_next_dist_1e8vcs8._.js:791
[ 4511869ms] [LOG] [Fast Refresh] done in 64ms @ http://localhost:3000/_next/static/chunks/node_modules_next_dist_1e8vcs8._.js:791
[ 4511931ms] [LOG] [Fast Refresh] done in 64ms @ http://localhost:3000/_next/static/chunks/node_modules_next_dist_1e8vcs8._.js:791
[ 4511992ms] [LOG] [Fast Refresh] done in 64ms @ http://localhost:3000/_next/static/chunks/node_modules_next_dist_1e8vcs8._.js:791
[ 4512054ms] [LOG] [Fast Refresh] done in 64ms @ http://localhost:3000/_next/static/chunks/node_modules_next_dist_1e8vcs8._.js:791
[ 4512116ms] [LOG] [Fast Refresh] done in 64ms @ http://localhost:3000/_next/static/chunks/node_modules_next_dist_1e8vcs8._.js:791
[ 4512179ms] [LOG] [Fast Refresh] done in 64ms @ http://localhost:3000/_next/static/chunks/node_modules_next_dist_1e8vcs8._.js:791
[ 4512233ms] [LOG] [Fast Refresh] done in 64ms @ http://localhost:3000/_next/static/chunks/node_modules_next_dist_1e8vcs8._.js:791
[ 4512295ms] [LOG] [Fast Refresh] done in 64ms @ http://localhost:3000/_next/static/chunks/node_modules_next_dist_1e8vcs8._.js:791
[ 4512355ms] [LOG] [Fast Refresh] done in 64ms @ http://localhost:3000/_next/static/chunks/node_modules_next_dist_1e8vcs8._.js:791
[ 4512420ms] [LOG] [Fast Refresh] done in 64ms @ http://localhost:3000/_next/static/chunks/node_modules_next_dist_1e8vcs8._.js:791
[ 4512480ms] [LOG] [Fast Refresh] done in 64ms @ http://localhost:3000/_next/static/chunks/node_modules_next_dist_1e8vcs8._.js:791
[ 4512544ms] [LOG] [Fast Refresh] done in 64ms @ http://localhost:3000/_next/static/chunks/node_modules_next_dist_1e8vcs8._.js:791
[ 4512606ms] [LOG] [Fast Refresh] done in 64ms @ http://localhost:3000/_next/static/chunks/node_modules_next_dist_1e8vcs8._.js:791
[ 4512669ms] [LOG] [Fast Refresh] done in 64ms @ http://localhost:3000/_next/static/chunks/node_modules_next_dist_1e8vcs8._.js:791
[ 4512732ms] [LOG] [Fast Refresh] done in 64ms @ http://localhost:3000/_next/static/chunks/node_modules_next_dist_1e8vcs8._.js:791
[ 4512795ms] [LOG] [Fast Refresh] done in 64ms @ http://localhost:3000/_next/static/chunks/node_modules_next_dist_1e8vcs8._.js:791
[ 4512855ms] [LOG] [Fast Refresh] done in 64ms @ http://localhost:3000/_next/static/chunks/node_modules_next_dist_1e8vcs8._.js:791
[ 4512917ms] [LOG] [Fast Refresh] done in 64ms @ http://localhost:3000/_next/static/chunks/node_modules_next_dist_1e8vcs8._.js:791
[ 4512979ms] [LOG] [Fast Refresh] done in 64ms @ http://localhost:3000/_next/static/chunks/node_modules_next_dist_1e8vcs8._.js:791
[ 4513040ms] [LOG] [Fast Refresh] done in 64ms @ http://localhost:3000/_next/static/chunks/node_modules_next_dist_1e8vcs8._.js:791
[ 4513102ms] [LOG] [Fast Refresh] done in 64ms @ http://localhost:3000/_next/static/chunks/node_modules_next_dist_1e8vcs8._.js:791
[ 4513164ms] [LOG] [Fast Refresh] done in 64ms @ http://localhost:3000/_next/static/chunks/node_modules_next_dist_1e8vcs8._.js:791
[ 4513226ms] [LOG] [Fast Refresh] done in 64ms @ http://localhost:3000/_next/static/chunks/node_modules_next_dist_1e8vcs8._.js:791
[ 4513303ms] [LOG] [Fast Refresh] done in 64ms @ http://localhost:3000/_next/static/chunks/node_modules_next_dist_1e8vcs8._.js:791
[ 4513366ms] [LOG] [Fast Refresh] done in 64ms @ http://localhost:3000/_next/static/chunks/node_modules_next_dist_1e8vcs8._.js:791
[ 4513426ms] [LOG] [Fast Refresh] done in 64ms @ http://localhost:3000/_next/static/chunks/node_modules_next_dist_1e8vcs8._.js:791
[ 4513488ms] [LOG] [Fast Refresh] done in 64ms @ http://localhost:3000/_next/static/chunks/node_modules_next_dist_1e8vcs8._.js:791
[ 4513550ms] [LOG] [Fast Refresh] done in 64ms @ http://localhost:3000/_next/static/chunks/node_modules_next_dist_1e8vcs8._.js:791
[ 4513613ms] [LOG] [Fast Refresh] done in 64ms @ http://localhost:3000/_next/static/chunks/node_modules_next_dist_1e8vcs8._.js:791
[ 4513675ms] [LOG] [Fast Refresh] done in 64ms @ http://localhost:3000/_next/static/chunks/node_modules_next_dist_1e8vcs8._.js:791
[ 4513737ms] [LOG] [Fast Refresh] done in 64ms @ http://localhost:3000/_next/static/chunks/node_modules_next_dist_1e8vcs8._.js:791
[ 4513798ms] [LOG] [Fast Refresh] done in 64ms @ http://localhost:3000/_next/static/chunks/node_modules_next_dist_1e8vcs8._.js:791
[ 4513859ms] [LOG] [Fast Refresh] done in 64ms @ http://localhost:3000/_next/static/chunks/node_modules_next_dist_1e8vcs8._.js:791
[ 4513921ms] [LOG] [Fast Refresh] done in 64ms @ http://localhost:3000/_next/static/chunks/node_modules_next_dist_1e8vcs8._.js:791
[ 4513982ms] [LOG] [Fast Refresh] done in 64ms @ http://localhost:3000/_next/static/chunks/node_modules_next_dist_1e8vcs8._.js:791
[ 4514044ms] [LOG] [Fast Refresh] done in 64ms @ http://localhost:3000/_next/static/chunks/node_modules_next_dist_1e8vcs8._.js:791
[ 4514107ms] [LOG] [Fast Refresh] done in 64ms @ http://localhost:3000/_next/static/chunks/node_modules_next_dist_1e8vcs8._.js:791
[ 4514170ms] [LOG] [Fast Refresh] done in 64ms @ http://localhost:3000/_next/static/chunks/node_modules_next_dist_1e8vcs8._.js:791
[ 4514232ms] [LOG] [Fast Refresh] done in 64ms @ http://localhost:3000/_next/static/chunks/node_modules_next_dist_1e8vcs8._.js:791
[ 4514296ms] [LOG] [Fast Refresh] done in 64ms @ http://localhost:3000/_next/static/chunks/node_modules_next_dist_1e8vcs8._.js:791
[ 4514357ms] [LOG] [Fast Refresh] done in 64ms @ http://localhost:3000/_next/static/chunks/node_modules_next_dist_1e8vcs8._.js:791
[ 4514419ms] [LOG] [Fast Refresh] done in 64ms @ http://localhost:3000/_next/static/chunks/node_modules_next_dist_1e8vcs8._.js:791
[ 4514480ms] [LOG] [Fast Refresh] done in 64ms @ http://localhost:3000/_next/static/chunks/node_modules_next_dist_1e8vcs8._.js:791
[ 4514542ms] [LOG] [Fast Refresh] done in 64ms @ http://localhost:3000/_next/static/chunks/node_modules_next_dist_1e8vcs8._.js:791
[ 4514612ms] [LOG] [Fast Refresh] done in 64ms @ http://localhost:3000/_next/static/chunks/node_modules_next_dist_1e8vcs8._.js:791
[ 4514683ms] [LOG] [Fast Refresh] done in 64ms @ http://localhost:3000/_next/static/chunks/node_modules_next_dist_1e8vcs8._.js:791
[ 4514745ms] [LOG] [Fast Refresh] done in 64ms @ http://localhost:3000/_next/static/chunks/node_modules_next_dist_1e8vcs8._.js:791
[ 4514808ms] [LOG] [Fast Refresh] done in 64ms @ http://localhost:3000/_next/static/chunks/node_modules_next_dist_1e8vcs8._.js:791
[ 4514870ms] [LOG] [Fast Refresh] done in 64ms @ http://localhost:3000/_next/static/chunks/node_modules_next_dist_1e8vcs8._.js:791
[ 4514930ms] [LOG] [Fast Refresh] done in 64ms @ http://localhost:3000/_next/static/chunks/node_modules_next_dist_1e8vcs8._.js:791
[ 4514983ms] [LOG] [Fast Refresh] done in 64ms @ http://localhost:3000/_next/static/chunks/node_modules_next_dist_1e8vcs8._.js:791
[ 4515043ms] [LOG] [Fast Refresh] done in 64ms @ http://localhost:3000/_next/static/chunks/node_modules_next_dist_1e8vcs8._.js:791
[ 4515105ms] [LOG] [Fast Refresh] done in 64ms @ http://localhost:3000/_next/static/chunks/node_modules_next_dist_1e8vcs8._.js:791
[ 4515166ms] [LOG] [Fast Refresh] done in 64ms @ http://localhost:3000/_next/static/chunks/node_modules_next_dist_1e8vcs8._.js:791
[ 4515228ms] [LOG] [Fast Refresh] done in 64ms @ http://localhost:3000/_next/static/chunks/node_modules_next_dist_1e8vcs8._.js:791
[ 4515278ms] [LOG] [Fast Refresh] done in 64ms @ http://localhost:3000/_next/static/chunks/node_modules_next_dist_1e8vcs8._.js:791
[ 4515340ms] [LOG] [Fast Refresh] done in 64ms @ http://localhost:3000/_next/static/chunks/node_modules_next_dist_1e8vcs8._.js:791
[ 4515402ms] [LOG] [Fast Refresh] done in 64ms @ http://localhost:3000/_next/static/chunks/node_modules_next_dist_1e8vcs8._.js:791
[ 4515465ms] [LOG] [Fast Refresh] done in 64ms @ http://localhost:3000/_next/static/chunks/node_modules_next_dist_1e8vcs8._.js:791
[ 4515527ms] [LOG] [Fast Refresh] done in 64ms @ http://localhost:3000/_next/static/chunks/node_modules_next_dist_1e8vcs8._.js:791
[ 4515589ms] [LOG] [Fast Refresh] done in 64ms @ http://localhost:3000/_next/static/chunks/node_modules_next_dist_1e8vcs8._.js:791
[ 4515651ms] [LOG] [Fast Refresh] done in 64ms @ http://localhost:3000/_next/static/chunks/node_modules_next_dist_1e8vcs8._.js:791
[ 4515704ms] [LOG] [Fast Refresh] done in 64ms @ http://localhost:3000/_next/static/chunks/node_modules_next_dist_1e8vcs8._.js:791
[ 4515779ms] [LOG] [Fast Refresh] done in 64ms @ http://localhost:3000/_next/static/chunks/node_modules_next_dist_1e8vcs8._.js:791
[ 4515840ms] [LOG] [Fast Refresh] done in 64ms @ http://localhost:3000/_next/static/chunks/node_modules_next_dist_1e8vcs8._.js:791
[ 4515901ms] [LOG] [Fast Refresh] done in 64ms @ http://localhost:3000/_next/static/chunks/node_modules_next_dist_1e8vcs8._.js:791
[ 4515962ms] [LOG] [Fast Refresh] done in 64ms @ http://localhost:3000/_next/static/chunks/node_modules_next_dist_1e8vcs8._.js:791
[ 4516017ms] [LOG] [Fast Refresh] done in 64ms @ http://localhost:3000/_next/static/chunks/node_modules_next_dist_1e8vcs8._.js:791
[ 4516060ms] [LOG] [Fast Refresh] done in 64ms @ http://localhost:3000/_next/static/chunks/node_modules_next_dist_1e8vcs8._.js:791
[ 4516122ms] [LOG] [Fast Refresh] done in 64ms @ http://localhost:3000/_next/static/chunks/node_modules_next_dist_1e8vcs8._.js:791
[ 4516183ms] [LOG] [Fast Refresh] done in 64ms @ http://localhost:3000/_next/static/chunks/node_modules_next_dist_1e8vcs8._.js:791
[ 4516245ms] [LOG] [Fast Refresh] done in 64ms @ http://localhost:3000/_next/static/chunks/node_modules_next_dist_1e8vcs8._.js:791
[ 4516307ms] [LOG] [Fast Refresh] done in 64ms @ http://localhost:3000/_next/static/chunks/node_modules_next_dist_1e8vcs8._.js:791
[ 4516368ms] [LOG] [Fast Refresh] done in 64ms @ http://localhost:3000/_next/static/chunks/node_modules_next_dist_1e8vcs8._.js:791
[ 4516430ms] [LOG] [Fast Refresh] done in 64ms @ http://localhost:3000/_next/static/chunks/node_modules_next_dist_1e8vcs8._.js:791
[ 4516493ms] [LOG] [Fast Refresh] done in 64ms @ http://localhost:3000/_next/static/chunks/node_modules_next_dist_1e8vcs8._.js:791
[ 4516555ms] [LOG] [Fast Refresh] done in 64ms @ http://localhost:3000/_next/static/chunks/node_modules_next_dist_1e8vcs8._.js:791
[ 4516617ms] [LOG] [Fast Refresh] done in 64ms @ http://localhost:3000/_next/static/chunks/node_modules_next_dist_1e8vcs8._.js:791
[ 4516680ms] [LOG] [Fast Refresh] done in 64ms @ http://localhost:3000/_next/static/chunks/node_modules_next_dist_1e8vcs8._.js:791
[ 4516743ms] [LOG] [Fast Refresh] done in 64ms @ http://localhost:3000/_next/static/chunks/node_modules_next_dist_1e8vcs8._.js:791
[ 4516805ms] [LOG] [Fast Refresh] done in 64ms @ http://localhost:3000/_next/static/chunks/node_modules_next_dist_1e8vcs8._.js:791
[ 4516868ms] [LOG] [Fast Refresh] done in 64ms @ http://localhost:3000/_next/static/chunks/node_modules_next_dist_1e8vcs8._.js:791
[ 4516916ms] [LOG] [Fast Refresh] done in 64ms @ http://localhost:3000/_next/static/chunks/node_modules_next_dist_1e8vcs8._.js:791
[ 4516964ms] [LOG] [Fast Refresh] done in 64ms @ http://localhost:3000/_next/static/chunks/node_modules_next_dist_1e8vcs8._.js:791
[ 4517012ms] [LOG] [Fast Refresh] done in 64ms @ http://localhost:3000/_next/static/chunks/node_modules_next_dist_1e8vcs8._.js:791
[ 4517076ms] [LOG] [Fast Refresh] done in 64ms @ http://localhost:3000/_next/static/chunks/node_modules_next_dist_1e8vcs8._.js:791
[ 4517137ms] [LOG] [Fast Refresh] done in 64ms @ http://localhost:3000/_next/static/chunks/node_modules_next_dist_1e8vcs8._.js:791
[ 4517199ms] [LOG] [Fast Refresh] done in 64ms @ http://localhost:3000/_next/static/chunks/node_modules_next_dist_1e8vcs8._.js:791
[ 4517261ms] [LOG] [Fast Refresh] done in 64ms @ http://localhost:3000/_next/static/chunks/node_modules_next_dist_1e8vcs8._.js:791
[ 4517325ms] [LOG] [Fast Refresh] done in 64ms @ http://localhost:3000/_next/static/chunks/node_modules_next_dist_1e8vcs8._.js:791
[ 4517386ms] [LOG] [Fast Refresh] done in 64ms @ http://localhost:3000/_next/static/chunks/node_modules_next_dist_1e8vcs8._.js:791
[ 4517449ms] [LOG] [Fast Refresh] done in 64ms @ http://localhost:3000/_next/static/chunks/node_modules_next_dist_1e8vcs8._.js:791
[ 4517511ms] [LOG] [Fast Refresh] done in 64ms @ http://localhost:3000/_next/static/chunks/node_modules_next_dist_1e8vcs8._.js:791
[ 4517572ms] [LOG] [Fast Refresh] done in 64ms @ http://localhost:3000/_next/static/chunks/node_modules_next_dist_1e8vcs8._.js:791
[ 4517632ms] [LOG] [Fast Refresh] done in 64ms @ http://localhost:3000/_next/static/chunks/node_modules_next_dist_1e8vcs8._.js:791
[ 4517695ms] [LOG] [Fast Refresh] done in 64ms @ http://localhost:3000/_next/static/chunks/node_modules_next_dist_1e8vcs8._.js:791
[ 4517758ms] [LOG] [Fast Refresh] done in 64ms @ http://localhost:3000/_next/static/chunks/node_modules_next_dist_1e8vcs8._.js:791
[ 4517818ms] [LOG] [Fast Refresh] done in 64ms @ http://localhost:3000/_next/static/chunks/node_modules_next_dist_1e8vcs8._.js:791
[ 4517882ms] [LOG] [Fast Refresh] done in 64ms @ http://localhost:3000/_next/static/chunks/node_modules_next_dist_1e8vcs8._.js:791
[ 4517947ms] [LOG] [Fast Refresh] done in 64ms @ http://localhost:3000/_next/static/chunks/node_modules_next_dist_1e8vcs8._.js:791
[ 4518007ms] [LOG] [Fast Refresh] done in 64ms @ http://localhost:3000/_next/static/chunks/node_modules_next_dist_1e8vcs8._.js:791
[ 4518069ms] [LOG] [Fast Refresh] done in 64ms @ http://localhost:3000/_next/static/chunks/node_modules_next_dist_1e8vcs8._.js:791
[ 4518131ms] [LOG] [Fast Refresh] done in 64ms @ http://localhost:3000/_next/static/chunks/node_modules_next_dist_1e8vcs8._.js:791
[ 4518193ms] [LOG] [Fast Refresh] done in 64ms @ http://localhost:3000/_next/static/chunks/node_modules_next_dist_1e8vcs8._.js:791
[ 4518254ms] [LOG] [Fast Refresh] done in 64ms @ http://localhost:3000/_next/static/chunks/node_modules_next_dist_1e8vcs8._.js:791
[ 4518318ms] [LOG] [Fast Refresh] done in 64ms @ http://localhost:3000/_next/static/chunks/node_modules_next_dist_1e8vcs8._.js:791
[ 4518378ms] [LOG] [Fast Refresh] done in 64ms @ http://localhost:3000/_next/static/chunks/node_modules_next_dist_1e8vcs8._.js:791
[ 4518440ms] [LOG] [Fast Refresh] done in 64ms @ http://localhost:3000/_next/static/chunks/node_modules_next_dist_1e8vcs8._.js:791
[ 4518502ms] [LOG] [Fast Refresh] done in 64ms @ http://localhost:3000/_next/static/chunks/node_modules_next_dist_1e8vcs8._.js:791
[ 4518564ms] [LOG] [Fast Refresh] done in 64ms @ http://localhost:3000/_next/static/chunks/node_modules_next_dist_1e8vcs8._.js:791
[ 4518626ms] [LOG] [Fast Refresh] done in 64ms @ http://localhost:3000/_next/static/chunks/node_modules_next_dist_1e8vcs8._.js:791
[ 4518687ms] [LOG] [Fast Refresh] done in 64ms @ http://localhost:3000/_next/static/chunks/node_modules_next_dist_1e8vcs8._.js:791
[ 4518750ms] [LOG] [Fast Refresh] done in 64ms @ http://localhost:3000/_next/static/chunks/node_modules_next_dist_1e8vcs8._.js:791
[ 4518814ms] [LOG] [Fast Refresh] done in 64ms @ http://localhost:3000/_next/static/chunks/node_modules_next_dist_1e8vcs8._.js:791
[ 4518862ms] [LOG] [Fast Refresh] done in 64ms @ http://localhost:3000/_next/static/chunks/node_modules_next_dist_1e8vcs8._.js:791
[ 4518924ms] [LOG] [Fast Refresh] done in 64ms @ http://localhost:3000/_next/static/chunks/node_modules_next_dist_1e8vcs8._.js:791
[ 4518985ms] [LOG] [Fast Refresh] done in 64ms @ http://localhost:3000/_next/static/chunks/node_modules_next_dist_1e8vcs8._.js:791
[ 4519046ms] [LOG] [Fast Refresh] done in 64ms @ http://localhost:3000/_next/static/chunks/node_modules_next_dist_1e8vcs8._.js:791
[ 4519107ms] [LOG] [Fast Refresh] done in 64ms @ http://localhost:3000/_next/static/chunks/node_modules_next_dist_1e8vcs8._.js:791
[ 4519170ms] [LOG] [Fast Refresh] done in 64ms @ http://localhost:3000/_next/static/chunks/node_modules_next_dist_1e8vcs8._.js:791
[ 4519217ms] [LOG] [Fast Refresh] done in 64ms @ http://localhost:3000/_next/static/chunks/node_modules_next_dist_1e8vcs8._.js:791
[ 4519264ms] [LOG] [Fast Refresh] done in 64ms @ http://localhost:3000/_next/static/chunks/node_modules_next_dist_1e8vcs8._.js:791
[ 4519325ms] [LOG] [Fast Refresh] done in 64ms @ http://localhost:3000/_next/static/chunks/node_modules_next_dist_1e8vcs8._.js:791
[ 4519385ms] [LOG] [Fast Refresh] done in 64ms @ http://localhost:3000/_next/static/chunks/node_modules_next_dist_1e8vcs8._.js:791
[ 4519447ms] [LOG] [Fast Refresh] done in 64ms @ http://localhost:3000/_next/static/chunks/node_modules_next_dist_1e8vcs8._.js:791
[ 4519510ms] [LOG] [Fast Refresh] done in 64ms @ http://localhost:3000/_next/static/chunks/node_modules_next_dist_1e8vcs8._.js:791
[ 4519574ms] [LOG] [Fast Refresh] done in 64ms @ http://localhost:3000/_next/static/chunks/node_modules_next_dist_1e8vcs8._.js:791
[ 4519636ms] [LOG] [Fast Refresh] done in 64ms @ http://localhost:3000/_next/static/chunks/node_modules_next_dist_1e8vcs8._.js:791
[ 4519698ms] [LOG] [Fast Refresh] done in 64ms @ http://localhost:3000/_next/static/chunks/node_modules_next_dist_1e8vcs8._.js:791
[ 4519760ms] [LOG] [Fast Refresh] done in 64ms @ http://localhost:3000/_next/static/chunks/node_modules_next_dist_1e8vcs8._.js:791
[ 4519823ms] [LOG] [Fast Refresh] done in 64ms @ http://localhost:3000/_next/static/chunks/node_modules_next_dist_1e8vcs8._.js:791
[ 4519887ms] [LOG] [Fast Refresh] done in 64ms @ http://localhost:3000/_next/static/chunks/node_modules_next_dist_1e8vcs8._.js:791
[ 4519948ms] [LOG] [Fast Refresh] done in 64ms @ http://localhost:3000/_next/static/chunks/node_modules_next_dist_1e8vcs8._.js:791
[ 4520010ms] [LOG] [Fast Refresh] done in 64ms @ http://localhost:3000/_next/static/chunks/node_modules_next_dist_1e8vcs8._.js:791
[ 4520073ms] [LOG] [Fast Refresh] done in 64ms @ http://localhost:3000/_next/static/chunks/node_modules_next_dist_1e8vcs8._.js:791
[ 4520136ms] [LOG] [Fast Refresh] done in 64ms @ http://localhost:3000/_next/static/chunks/node_modules_next_dist_1e8vcs8._.js:791
[ 4520198ms] [LOG] [Fast Refresh] done in 64ms @ http://localhost:3000/_next/static/chunks/node_modules_next_dist_1e8vcs8._.js:791
[ 4520259ms] [LOG] [Fast Refresh] done in 64ms @ http://localhost:3000/_next/static/chunks/node_modules_next_dist_1e8vcs8._.js:791
[ 4520322ms] [LOG] [Fast Refresh] done in 64ms @ http://localhost:3000/_next/static/chunks/node_modules_next_dist_1e8vcs8._.js:791
[ 4520384ms] [LOG] [Fast Refresh] done in 64ms @ http://localhost:3000/_next/static/chunks/node_modules_next_dist_1e8vcs8._.js:791
[ 4520446ms] [LOG] [Fast Refresh] done in 64ms @ http://localhost:3000/_next/static/chunks/node_modules_next_dist_1e8vcs8._.js:791
[ 4520507ms] [LOG] [Fast Refresh] done in 64ms @ http://localhost:3000/_next/static/chunks/node_modules_next_dist_1e8vcs8._.js:791
[ 4520569ms] [LOG] [Fast Refresh] done in 64ms @ http://localhost:3000/_next/static/chunks/node_modules_next_dist_1e8vcs8._.js:791
[ 4520632ms] [LOG] [Fast Refresh] done in 64ms @ http://localhost:3000/_next/static/chunks/node_modules_next_dist_1e8vcs8._.js:791
[ 4520695ms] [LOG] [Fast Refresh] done in 64ms @ http://localhost:3000/_next/static/chunks/node_modules_next_dist_1e8vcs8._.js:791
[ 4520742ms] [LOG] [Fast Refresh] done in 64ms @ http://localhost:3000/_next/static/chunks/node_modules_next_dist_1e8vcs8._.js:791
[ 4520804ms] [LOG] [Fast Refresh] done in 64ms @ http://localhost:3000/_next/static/chunks/node_modules_next_dist_1e8vcs8._.js:791
[ 4520866ms] [LOG] [Fast Refresh] done in 64ms @ http://localhost:3000/_next/static/chunks/node_modules_next_dist_1e8vcs8._.js:791
[ 4520928ms] [LOG] [Fast Refresh] done in 64ms @ http://localhost:3000/_next/static/chunks/node_modules_next_dist_1e8vcs8._.js:791
[ 4520990ms] [LOG] [Fast Refresh] done in 64ms @ http://localhost:3000/_next/static/chunks/node_modules_next_dist_1e8vcs8._.js:791
[ 4521052ms] [LOG] [Fast Refresh] done in 64ms @ http://localhost:3000/_next/static/chunks/node_modules_next_dist_1e8vcs8._.js:791
[ 4521114ms] [LOG] [Fast Refresh] done in 64ms @ http://localhost:3000/_next/static/chunks/node_modules_next_dist_1e8vcs8._.js:791
[ 4521176ms] [LOG] [Fast Refresh] done in 64ms @ http://localhost:3000/_next/static/chunks/node_modules_next_dist_1e8vcs8._.js:791
[ 4521239ms] [LOG] [Fast Refresh] done in 64ms @ http://localhost:3000/_next/static/chunks/node_modules_next_dist_1e8vcs8._.js:791
[ 4521300ms] [LOG] [Fast Refresh] done in 64ms @ http://localhost:3000/_next/static/chunks/node_modules_next_dist_1e8vcs8._.js:791
[ 4521348ms] [LOG] [Fast Refresh] done in 64ms @ http://localhost:3000/_next/static/chunks/node_modules_next_dist_1e8vcs8._.js:791
[ 4521411ms] [LOG] [Fast Refresh] done in 64ms @ http://localhost:3000/_next/static/chunks/node_modules_next_dist_1e8vcs8._.js:791
[ 4521471ms] [LOG] [Fast Refresh] done in 64ms @ http://localhost:3000/_next/static/chunks/node_modules_next_dist_1e8vcs8._.js:791
[ 4521533ms] [LOG] [Fast Refresh] done in 64ms @ http://localhost:3000/_next/static/chunks/node_modules_next_dist_1e8vcs8._.js:791
[ 4521595ms] [LOG] [Fast Refresh] done in 64ms @ http://localhost:3000/_next/static/chunks/node_modules_next_dist_1e8vcs8._.js:791
[ 4521659ms] [LOG] [Fast Refresh] done in 64ms @ http://localhost:3000/_next/static/chunks/node_modules_next_dist_1e8vcs8._.js:791
[ 4521720ms] [LOG] [Fast Refresh] done in 64ms @ http://localhost:3000/_next/static/chunks/node_modules_next_dist_1e8vcs8._.js:791
[ 4521769ms] [LOG] [Fast Refresh] done in 64ms @ http://localhost:3000/_next/static/chunks/node_modules_next_dist_1e8vcs8._.js:791
[ 4521831ms] [LOG] [Fast Refresh] done in 64ms @ http://localhost:3000/_next/static/chunks/node_modules_next_dist_1e8vcs8._.js:791
[ 4521891ms] [LOG] [Fast Refresh] done in 64ms @ http://localhost:3000/_next/static/chunks/node_modules_next_dist_1e8vcs8._.js:791
[ 4521952ms] [LOG] [Fast Refresh] done in 64ms @ http://localhost:3000/_next/static/chunks/node_modules_next_dist_1e8vcs8._.js:791
[ 4522012ms] [LOG] [Fast Refresh] done in 64ms @ http://localhost:3000/_next/static/chunks/node_modules_next_dist_1e8vcs8._.js:791
[ 4522075ms] [LOG] [Fast Refresh] done in 64ms @ http://localhost:3000/_next/static/chunks/node_modules_next_dist_1e8vcs8._.js:791
[ 4522137ms] [LOG] [Fast Refresh] done in 64ms @ http://localhost:3000/_next/static/chunks/node_modules_next_dist_1e8vcs8._.js:791
[ 4522199ms] [LOG] [Fast Refresh] done in 64ms @ http://localhost:3000/_next/static/chunks/node_modules_next_dist_1e8vcs8._.js:791
[ 4522261ms] [LOG] [Fast Refresh] done in 64ms @ http://localhost:3000/_next/static/chunks/node_modules_next_dist_1e8vcs8._.js:791
[ 4522323ms] [LOG] [Fast Refresh] done in 64ms @ http://localhost:3000/_next/static/chunks/node_modules_next_dist_1e8vcs8._.js:791
[ 4522385ms] [LOG] [Fast Refresh] done in 64ms @ http://localhost:3000/_next/static/chunks/node_modules_next_dist_1e8vcs8._.js:791
[ 4522448ms] [LOG] [Fast Refresh] done in 64ms @ http://localhost:3000/_next/static/chunks/node_modules_next_dist_1e8vcs8._.js:791
[ 4522511ms] [LOG] [Fast Refresh] done in 64ms @ http://localhost:3000/_next/static/chunks/node_modules_next_dist_1e8vcs8._.js:791
[ 4522573ms] [LOG] [Fast Refresh] done in 64ms @ http://localhost:3000/_next/static/chunks/node_modules_next_dist_1e8vcs8._.js:791
[ 4522636ms] [LOG] [Fast Refresh] done in 64ms @ http://localhost:3000/_next/static/chunks/node_modules_next_dist_1e8vcs8._.js:791
[ 4522699ms] [LOG] [Fast Refresh] done in 64ms @ http://localhost:3000/_next/static/chunks/node_modules_next_dist_1e8vcs8._.js:791
[ 4522765ms] [LOG] [Fast Refresh] done in 64ms @ http://localhost:3000/_next/static/chunks/node_modules_next_dist_1e8vcs8._.js:791
[ 4522824ms] [LOG] [Fast Refresh] done in 64ms @ http://localhost:3000/_next/static/chunks/node_modules_next_dist_1e8vcs8._.js:791
[ 4522885ms] [LOG] [Fast Refresh] done in 64ms @ http://localhost:3000/_next/static/chunks/node_modules_next_dist_1e8vcs8._.js:791
[ 4522932ms] [LOG] [Fast Refresh] done in 64ms @ http://localhost:3000/_next/static/chunks/node_modules_next_dist_1e8vcs8._.js:791
[ 4522993ms] [LOG] [Fast Refresh] done in 64ms @ http://localhost:3000/_next/static/chunks/node_modules_next_dist_1e8vcs8._.js:791
[ 4523055ms] [LOG] [Fast Refresh] done in 64ms @ http://localhost:3000/_next/static/chunks/node_modules_next_dist_1e8vcs8._.js:791
[ 4523118ms] [LOG] [Fast Refresh] done in 64ms @ http://localhost:3000/_next/static/chunks/node_modules_next_dist_1e8vcs8._.js:791
[ 4523181ms] [LOG] [Fast Refresh] done in 64ms @ http://localhost:3000/_next/static/chunks/node_modules_next_dist_1e8vcs8._.js:791
[ 4523243ms] [LOG] [Fast Refresh] done in 64ms @ http://localhost:3000/_next/static/chunks/node_modules_next_dist_1e8vcs8._.js:791
[ 4523293ms] [LOG] [Fast Refresh] done in 64ms @ http://localhost:3000/_next/static/chunks/node_modules_next_dist_1e8vcs8._.js:791
[ 4523356ms] [LOG] [Fast Refresh] done in 64ms @ http://localhost:3000/_next/static/chunks/node_modules_next_dist_1e8vcs8._.js:791
[ 4523419ms] [LOG] [Fast Refresh] done in 64ms @ http://localhost:3000/_next/static/chunks/node_modules_next_dist_1e8vcs8._.js:791
[ 4523480ms] [LOG] [Fast Refresh] done in 64ms @ http://localhost:3000/_next/static/chunks/node_modules_next_dist_1e8vcs8._.js:791
[ 4523543ms] [LOG] [Fast Refresh] done in 64ms @ http://localhost:3000/_next/static/chunks/node_modules_next_dist_1e8vcs8._.js:791
[ 4523605ms] [LOG] [Fast Refresh] done in 64ms @ http://localhost:3000/_next/static/chunks/node_modules_next_dist_1e8vcs8._.js:791
[ 4523669ms] [LOG] [Fast Refresh] done in 64ms @ http://localhost:3000/_next/static/chunks/node_modules_next_dist_1e8vcs8._.js:791
[ 4523732ms] [LOG] [Fast Refresh] done in 64ms @ http://localhost:3000/_next/static/chunks/node_modules_next_dist_1e8vcs8._.js:791
[ 4523794ms] [LOG] [Fast Refresh] done in 64ms @ http://localhost:3000/_next/static/chunks/node_modules_next_dist_1e8vcs8._.js:791
[ 4523855ms] [LOG] [Fast Refresh] done in 64ms @ http://localhost:3000/_next/static/chunks/node_modules_next_dist_1e8vcs8._.js:791
[ 4523906ms] [LOG] [Fast Refresh] done in 64ms @ http://localhost:3000/_next/static/chunks/node_modules_next_dist_1e8vcs8._.js:791
[ 4523968ms] [LOG] [Fast Refresh] done in 64ms @ http://localhost:3000/_next/static/chunks/node_modules_next_dist_1e8vcs8._.js:791
[ 4524029ms] [LOG] [Fast Refresh] done in 64ms @ http://localhost:3000/_next/static/chunks/node_modules_next_dist_1e8vcs8._.js:791
[ 4524091ms] [LOG] [Fast Refresh] done in 64ms @ http://localhost:3000/_next/static/chunks/node_modules_next_dist_1e8vcs8._.js:791
[ 4524139ms] [LOG] [Fast Refresh] done in 64ms @ http://localhost:3000/_next/static/chunks/node_modules_next_dist_1e8vcs8._.js:791
[ 4524201ms] [LOG] [Fast Refresh] done in 64ms @ http://localhost:3000/_next/static/chunks/node_modules_next_dist_1e8vcs8._.js:791
[ 4524262ms] [LOG] [Fast Refresh] done in 64ms @ http://localhost:3000/_next/static/chunks/node_modules_next_dist_1e8vcs8._.js:791
[ 4524325ms] [LOG] [Fast Refresh] done in 64ms @ http://localhost:3000/_next/static/chunks/node_modules_next_dist_1e8vcs8._.js:791
[ 4524387ms] [LOG] [Fast Refresh] done in 64ms @ http://localhost:3000/_next/static/chunks/node_modules_next_dist_1e8vcs8._.js:791
[ 4524449ms] [LOG] [Fast Refresh] done in 64ms @ http://localhost:3000/_next/static/chunks/node_modules_next_dist_1e8vcs8._.js:791
[ 4524510ms] [LOG] [Fast Refresh] done in 64ms @ http://localhost:3000/_next/static/chunks/node_modules_next_dist_1e8vcs8._.js:791
[ 4524573ms] [LOG] [Fast Refresh] done in 64ms @ http://localhost:3000/_next/static/chunks/node_modules_next_dist_1e8vcs8._.js:791
[ 4524636ms] [LOG] [Fast Refresh] done in 64ms @ http://localhost:3000/_next/static/chunks/node_modules_next_dist_1e8vcs8._.js:791
[ 4524684ms] [LOG] [Fast Refresh] done in 64ms @ http://localhost:3000/_next/static/chunks/node_modules_next_dist_1e8vcs8._.js:791
[ 4524745ms] [LOG] [Fast Refresh] done in 64ms @ http://localhost:3000/_next/static/chunks/node_modules_next_dist_1e8vcs8._.js:791
[ 4524809ms] [LOG] [Fast Refresh] done in 64ms @ http://localhost:3000/_next/static/chunks/node_modules_next_dist_1e8vcs8._.js:791
[ 4524870ms] [LOG] [Fast Refresh] done in 64ms @ http://localhost:3000/_next/static/chunks/node_modules_next_dist_1e8vcs8._.js:791
[ 4524933ms] [LOG] [Fast Refresh] done in 64ms @ http://localhost:3000/_next/static/chunks/node_modules_next_dist_1e8vcs8._.js:791
[ 4524994ms] [LOG] [Fast Refresh] done in 64ms @ http://localhost:3000/_next/static/chunks/node_modules_next_dist_1e8vcs8._.js:791
[ 4525056ms] [LOG] [Fast Refresh] done in 64ms @ http://localhost:3000/_next/static/chunks/node_modules_next_dist_1e8vcs8._.js:791
[ 4525116ms] [LOG] [Fast Refresh] done in 64ms @ http://localhost:3000/_next/static/chunks/node_modules_next_dist_1e8vcs8._.js:791
[ 4525178ms] [LOG] [Fast Refresh] done in 64ms @ http://localhost:3000/_next/static/chunks/node_modules_next_dist_1e8vcs8._.js:791
[ 4525239ms] [LOG] [Fast Refresh] done in 64ms @ http://localhost:3000/_next/static/chunks/node_modules_next_dist_1e8vcs8._.js:791
[ 4525301ms] [LOG] [Fast Refresh] done in 64ms @ http://localhost:3000/_next/static/chunks/node_modules_next_dist_1e8vcs8._.js:791
[ 4525362ms] [LOG] [Fast Refresh] done in 64ms @ http://localhost:3000/_next/static/chunks/node_modules_next_dist_1e8vcs8._.js:791
[ 4525423ms] [LOG] [Fast Refresh] done in 64ms @ http://localhost:3000/_next/static/chunks/node_modules_next_dist_1e8vcs8._.js:791
[ 4525485ms] [LOG] [Fast Refresh] done in 64ms @ http://localhost:3000/_next/static/chunks/node_modules_next_dist_1e8vcs8._.js:791
[ 4525549ms] [LOG] [Fast Refresh] done in 64ms @ http://localhost:3000/_next/static/chunks/node_modules_next_dist_1e8vcs8._.js:791
[ 4525612ms] [LOG] [Fast Refresh] done in 64ms @ http://localhost:3000/_next/static/chunks/node_modules_next_dist_1e8vcs8._.js:791
[ 4525674ms] [LOG] [Fast Refresh] done in 64ms @ http://localhost:3000/_next/static/chunks/node_modules_next_dist_1e8vcs8._.js:791
[ 4525737ms] [LOG] [Fast Refresh] done in 64ms @ http://localhost:3000/_next/static/chunks/node_modules_next_dist_1e8vcs8._.js:791
[ 4525796ms] [LOG] [Fast Refresh] done in 64ms @ http://localhost:3000/_next/static/chunks/node_modules_next_dist_1e8vcs8._.js:791
[ 4525859ms] [LOG] [Fast Refresh] done in 64ms @ http://localhost:3000/_next/static/chunks/node_modules_next_dist_1e8vcs8._.js:791
[ 4525921ms] [LOG] [Fast Refresh] done in 64ms @ http://localhost:3000/_next/static/chunks/node_modules_next_dist_1e8vcs8._.js:791
[ 4525984ms] [LOG] [Fast Refresh] done in 64ms @ http://localhost:3000/_next/static/chunks/node_modules_next_dist_1e8vcs8._.js:791
[ 4526046ms] [LOG] [Fast Refresh] done in 64ms @ http://localhost:3000/_next/static/chunks/node_modules_next_dist_1e8vcs8._.js:791
[ 4526107ms] [LOG] [Fast Refresh] done in 64ms @ http://localhost:3000/_next/static/chunks/node_modules_next_dist_1e8vcs8._.js:791
[ 4526170ms] [LOG] [Fast Refresh] done in 64ms @ http://localhost:3000/_next/static/chunks/node_modules_next_dist_1e8vcs8._.js:791
[ 4526217ms] [LOG] [Fast Refresh] done in 64ms @ http://localhost:3000/_next/static/chunks/node_modules_next_dist_1e8vcs8._.js:791
[ 4526272ms] [LOG] [Fast Refresh] done in 64ms @ http://localhost:3000/_next/static/chunks/node_modules_next_dist_1e8vcs8._.js:791
[ 4526334ms] [LOG] [Fast Refresh] done in 64ms @ http://localhost:3000/_next/static/chunks/node_modules_next_dist_1e8vcs8._.js:791
[ 4526386ms] [LOG] [Fast Refresh] done in 64ms @ http://localhost:3000/_next/static/chunks/node_modules_next_dist_1e8vcs8._.js:791
[ 4526448ms] [LOG] [Fast Refresh] done in 64ms @ http://localhost:3000/_next/static/chunks/node_modules_next_dist_1e8vcs8._.js:791
[ 4526510ms] [LOG] [Fast Refresh] done in 64ms @ http://localhost:3000/_next/static/chunks/node_modules_next_dist_1e8vcs8._.js:791
[ 4526573ms] [LOG] [Fast Refresh] done in 64ms @ http://localhost:3000/_next/static/chunks/node_modules_next_dist_1e8vcs8._.js:791
[ 4526634ms] [LOG] [Fast Refresh] done in 64ms @ http://localhost:3000/_next/static/chunks/node_modules_next_dist_1e8vcs8._.js:791
[ 4526695ms] [LOG] [Fast Refresh] done in 64ms @ http://localhost:3000/_next/static/chunks/node_modules_next_dist_1e8vcs8._.js:791
[ 4526758ms] [LOG] [Fast Refresh] done in 64ms @ http://localhost:3000/_next/static/chunks/node_modules_next_dist_1e8vcs8._.js:791
[ 4526819ms] [LOG] [Fast Refresh] done in 64ms @ http://localhost:3000/_next/static/chunks/node_modules_next_dist_1e8vcs8._.js:791
[ 4526882ms] [LOG] [Fast Refresh] done in 64ms @ http://localhost:3000/_next/static/chunks/node_modules_next_dist_1e8vcs8._.js:791
[ 4526936ms] [LOG] [Fast Refresh] done in 64ms @ http://localhost:3000/_next/static/chunks/node_modules_next_dist_1e8vcs8._.js:791
[ 4526998ms] [LOG] [Fast Refresh] done in 64ms @ http://localhost:3000/_next/static/chunks/node_modules_next_dist_1e8vcs8._.js:791
[ 4527045ms] [LOG] [Fast Refresh] done in 64ms @ http://localhost:3000/_next/static/chunks/node_modules_next_dist_1e8vcs8._.js:791
[ 4527108ms] [LOG] [Fast Refresh] done in 64ms @ http://localhost:3000/_next/static/chunks/node_modules_next_dist_1e8vcs8._.js:791
[ 4527170ms] [LOG] [Fast Refresh] done in 64ms @ http://localhost:3000/_next/static/chunks/node_modules_next_dist_1e8vcs8._.js:791
[ 4527232ms] [LOG] [Fast Refresh] done in 64ms @ http://localhost:3000/_next/static/chunks/node_modules_next_dist_1e8vcs8._.js:791
[ 4527293ms] [LOG] [Fast Refresh] done in 64ms @ http://localhost:3000/_next/static/chunks/node_modules_next_dist_1e8vcs8._.js:791
[ 4527355ms] [LOG] [Fast Refresh] done in 64ms @ http://localhost:3000/_next/static/chunks/node_modules_next_dist_1e8vcs8._.js:791
[ 4527417ms] [LOG] [Fast Refresh] done in 64ms @ http://localhost:3000/_next/static/chunks/node_modules_next_dist_1e8vcs8._.js:791
[ 4527477ms] [LOG] [Fast Refresh] done in 64ms @ http://localhost:3000/_next/static/chunks/node_modules_next_dist_1e8vcs8._.js:791
[ 4527540ms] [LOG] [Fast Refresh] done in 64ms @ http://localhost:3000/_next/static/chunks/node_modules_next_dist_1e8vcs8._.js:791
[ 4527600ms] [LOG] [Fast Refresh] done in 64ms @ http://localhost:3000/_next/static/chunks/node_modules_next_dist_1e8vcs8._.js:791
[ 4527662ms] [LOG] [Fast Refresh] done in 64ms @ http://localhost:3000/_next/static/chunks/node_modules_next_dist_1e8vcs8._.js:791
[ 4527725ms] [LOG] [Fast Refresh] done in 64ms @ http://localhost:3000/_next/static/chunks/node_modules_next_dist_1e8vcs8._.js:791
[ 4527795ms] [LOG] [Fast Refresh] done in 64ms @ http://localhost:3000/_next/static/chunks/node_modules_next_dist_1e8vcs8._.js:791
[ 4527852ms] [LOG] [Fast Refresh] done in 64ms @ http://localhost:3000/_next/static/chunks/node_modules_next_dist_1e8vcs8._.js:791
[ 4527913ms] [LOG] [Fast Refresh] done in 64ms @ http://localhost:3000/_next/static/chunks/node_modules_next_dist_1e8vcs8._.js:791
[ 4527976ms] [LOG] [Fast Refresh] done in 64ms @ http://localhost:3000/_next/static/chunks/node_modules_next_dist_1e8vcs8._.js:791
[ 4528039ms] [LOG] [Fast Refresh] done in 64ms @ http://localhost:3000/_next/static/chunks/node_modules_next_dist_1e8vcs8._.js:791
[ 4528101ms] [LOG] [Fast Refresh] done in 64ms @ http://localhost:3000/_next/static/chunks/node_modules_next_dist_1e8vcs8._.js:791
[ 4528164ms] [LOG] [Fast Refresh] done in 64ms @ http://localhost:3000/_next/static/chunks/node_modules_next_dist_1e8vcs8._.js:791
[ 4528225ms] [LOG] [Fast Refresh] done in 64ms @ http://localhost:3000/_next/static/chunks/node_modules_next_dist_1e8vcs8._.js:791
[ 4528286ms] [LOG] [Fast Refresh] done in 64ms @ http://localhost:3000/_next/static/chunks/node_modules_next_dist_1e8vcs8._.js:791
[ 4528346ms] [LOG] [Fast Refresh] done in 64ms @ http://localhost:3000/_next/static/chunks/node_modules_next_dist_1e8vcs8._.js:791
[ 4528409ms] [LOG] [Fast Refresh] done in 64ms @ http://localhost:3000/_next/static/chunks/node_modules_next_dist_1e8vcs8._.js:791
[ 4528473ms] [LOG] [Fast Refresh] done in 64ms @ http://localhost:3000/_next/static/chunks/node_modules_next_dist_1e8vcs8._.js:791
[ 4528535ms] [LOG] [Fast Refresh] done in 64ms @ http://localhost:3000/_next/static/chunks/node_modules_next_dist_1e8vcs8._.js:791
[ 4528597ms] [LOG] [Fast Refresh] done in 64ms @ http://localhost:3000/_next/static/chunks/node_modules_next_dist_1e8vcs8._.js:791
[ 4528658ms] [LOG] [Fast Refresh] done in 64ms @ http://localhost:3000/_next/static/chunks/node_modules_next_dist_1e8vcs8._.js:791
[ 4528721ms] [LOG] [Fast Refresh] done in 64ms @ http://localhost:3000/_next/static/chunks/node_modules_next_dist_1e8vcs8._.js:791
[ 4528769ms] [LOG] [Fast Refresh] done in 64ms @ http://localhost:3000/_next/static/chunks/node_modules_next_dist_1e8vcs8._.js:791
[ 4528831ms] [LOG] [Fast Refresh] done in 64ms @ http://localhost:3000/_next/static/chunks/node_modules_next_dist_1e8vcs8._.js:791
[ 4528892ms] [LOG] [Fast Refresh] done in 64ms @ http://localhost:3000/_next/static/chunks/node_modules_next_dist_1e8vcs8._.js:791
[ 4528951ms] [LOG] [Fast Refresh] done in 64ms @ http://localhost:3000/_next/static/chunks/node_modules_next_dist_1e8vcs8._.js:791
[ 4529012ms] [LOG] [Fast Refresh] done in 64ms @ http://localhost:3000/_next/static/chunks/node_modules_next_dist_1e8vcs8._.js:791
[ 4529075ms] [LOG] [Fast Refresh] done in 64ms @ http://localhost:3000/_next/static/chunks/node_modules_next_dist_1e8vcs8._.js:791
[ 4529138ms] [LOG] [Fast Refresh] done in 64ms @ http://localhost:3000/_next/static/chunks/node_modules_next_dist_1e8vcs8._.js:791
[ 4529200ms] [LOG] [Fast Refresh] done in 64ms @ http://localhost:3000/_next/static/chunks/node_modules_next_dist_1e8vcs8._.js:791
[ 4529262ms] [LOG] [Fast Refresh] done in 64ms @ http://localhost:3000/_next/static/chunks/node_modules_next_dist_1e8vcs8._.js:791
[ 4529312ms] [LOG] [Fast Refresh] done in 64ms @ http://localhost:3000/_next/static/chunks/node_modules_next_dist_1e8vcs8._.js:791
[ 4529374ms] [LOG] [Fast Refresh] done in 64ms @ http://localhost:3000/_next/static/chunks/node_modules_next_dist_1e8vcs8._.js:791
[ 4529435ms] [LOG] [Fast Refresh] done in 64ms @ http://localhost:3000/_next/static/chunks/node_modules_next_dist_1e8vcs8._.js:791
[ 4529497ms] [LOG] [Fast Refresh] done in 64ms @ http://localhost:3000/_next/static/chunks/node_modules_next_dist_1e8vcs8._.js:791
[ 4529559ms] [LOG] [Fast Refresh] done in 64ms @ http://localhost:3000/_next/static/chunks/node_modules_next_dist_1e8vcs8._.js:791
[ 4529620ms] [LOG] [Fast Refresh] done in 64ms @ http://localhost:3000/_next/static/chunks/node_modules_next_dist_1e8vcs8._.js:791
[ 4529683ms] [LOG] [Fast Refresh] done in 64ms @ http://localhost:3000/_next/static/chunks/node_modules_next_dist_1e8vcs8._.js:791
[ 4529745ms] [LOG] [Fast Refresh] done in 64ms @ http://localhost:3000/_next/static/chunks/node_modules_next_dist_1e8vcs8._.js:791
[ 4529808ms] [LOG] [Fast Refresh] done in 64ms @ http://localhost:3000/_next/static/chunks/node_modules_next_dist_1e8vcs8._.js:791
[ 4529871ms] [LOG] [Fast Refresh] done in 64ms @ http://localhost:3000/_next/static/chunks/node_modules_next_dist_1e8vcs8._.js:791
[ 4529932ms] [LOG] [Fast Refresh] done in 64ms @ http://localhost:3000/_next/static/chunks/node_modules_next_dist_1e8vcs8._.js:791
[ 4529994ms] [LOG] [Fast Refresh] done in 64ms @ http://localhost:3000/_next/static/chunks/node_modules_next_dist_1e8vcs8._.js:791
[ 4530042ms] [LOG] [Fast Refresh] done in 64ms @ http://localhost:3000/_next/static/chunks/node_modules_next_dist_1e8vcs8._.js:791
[ 4530103ms] [LOG] [Fast Refresh] done in 64ms @ http://localhost:3000/_next/static/chunks/node_modules_next_dist_1e8vcs8._.js:791
[ 4530165ms] [LOG] [Fast Refresh] done in 64ms @ http://localhost:3000/_next/static/chunks/node_modules_next_dist_1e8vcs8._.js:791
[ 4530227ms] [LOG] [Fast Refresh] done in 64ms @ http://localhost:3000/_next/static/chunks/node_modules_next_dist_1e8vcs8._.js:791
[ 4530288ms] [LOG] [Fast Refresh] done in 64ms @ http://localhost:3000/_next/static/chunks/node_modules_next_dist_1e8vcs8._.js:791
[ 4530350ms] [LOG] [Fast Refresh] done in 64ms @ http://localhost:3000/_next/static/chunks/node_modules_next_dist_1e8vcs8._.js:791
[ 4530415ms] [LOG] [Fast Refresh] done in 64ms @ http://localhost:3000/_next/static/chunks/node_modules_next_dist_1e8vcs8._.js:791
[ 4530472ms] [LOG] [Fast Refresh] done in 64ms @ http://localhost:3000/_next/static/chunks/node_modules_next_dist_1e8vcs8._.js:791
[ 4530533ms] [LOG] [Fast Refresh] done in 64ms @ http://localhost:3000/_next/static/chunks/node_modules_next_dist_1e8vcs8._.js:791
[ 4530595ms] [LOG] [Fast Refresh] done in 64ms @ http://localhost:3000/_next/static/chunks/node_modules_next_dist_1e8vcs8._.js:791
[ 4530642ms] [LOG] [Fast Refresh] done in 64ms @ http://localhost:3000/_next/static/chunks/node_modules_next_dist_1e8vcs8._.js:791
[ 4530704ms] [LOG] [Fast Refresh] done in 64ms @ http://localhost:3000/_next/static/chunks/node_modules_next_dist_1e8vcs8._.js:791
[ 4530766ms] [LOG] [Fast Refresh] done in 64ms @ http://localhost:3000/_next/static/chunks/node_modules_next_dist_1e8vcs8._.js:791
[ 4530827ms] [LOG] [Fast Refresh] done in 64ms @ http://localhost:3000/_next/static/chunks/node_modules_next_dist_1e8vcs8._.js:791
[ 4530886ms] [LOG] [Fast Refresh] done in 64ms @ http://localhost:3000/_next/static/chunks/node_modules_next_dist_1e8vcs8._.js:791
[ 4530948ms] [LOG] [Fast Refresh] done in 64ms @ http://localhost:3000/_next/static/chunks/node_modules_next_dist_1e8vcs8._.js:791
[ 4530998ms] [LOG] [Fast Refresh] done in 64ms @ http://localhost:3000/_next/static/chunks/node_modules_next_dist_1e8vcs8._.js:791
[ 4531059ms] [LOG] [Fast Refresh] done in 64ms @ http://localhost:3000/_next/static/chunks/node_modules_next_dist_1e8vcs8._.js:791
[ 4531122ms] [LOG] [Fast Refresh] done in 64ms @ http://localhost:3000/_next/static/chunks/node_modules_next_dist_1e8vcs8._.js:791
[ 4531185ms] [LOG] [Fast Refresh] done in 64ms @ http://localhost:3000/_next/static/chunks/node_modules_next_dist_1e8vcs8._.js:791
[ 4531246ms] [LOG] [Fast Refresh] done in 64ms @ http://localhost:3000/_next/static/chunks/node_modules_next_dist_1e8vcs8._.js:791
[ 4531307ms] [LOG] [Fast Refresh] done in 64ms @ http://localhost:3000/_next/static/chunks/node_modules_next_dist_1e8vcs8._.js:791
[ 4531367ms] [LOG] [Fast Refresh] done in 64ms @ http://localhost:3000/_next/static/chunks/node_modules_next_dist_1e8vcs8._.js:791
[ 4531429ms] [LOG] [Fast Refresh] done in 64ms @ http://localhost:3000/_next/static/chunks/node_modules_next_dist_1e8vcs8._.js:791
[ 4531490ms] [LOG] [Fast Refresh] done in 64ms @ http://localhost:3000/_next/static/chunks/node_modules_next_dist_1e8vcs8._.js:791
[ 4531553ms] [LOG] [Fast Refresh] done in 64ms @ http://localhost:3000/_next/static/chunks/node_modules_next_dist_1e8vcs8._.js:791
[ 4531615ms] [LOG] [Fast Refresh] done in 64ms @ http://localhost:3000/_next/static/chunks/node_modules_next_dist_1e8vcs8._.js:791
[ 4531679ms] [LOG] [Fast Refresh] done in 64ms @ http://localhost:3000/_next/static/chunks/node_modules_next_dist_1e8vcs8._.js:791
[ 4531738ms] [LOG] [Fast Refresh] done in 64ms @ http://localhost:3000/_next/static/chunks/node_modules_next_dist_1e8vcs8._.js:791
[ 4531799ms] [LOG] [Fast Refresh] done in 64ms @ http://localhost:3000/_next/static/chunks/node_modules_next_dist_1e8vcs8._.js:791
[ 4531862ms] [LOG] [Fast Refresh] done in 64ms @ http://localhost:3000/_next/static/chunks/node_modules_next_dist_1e8vcs8._.js:791
[ 4531925ms] [LOG] [Fast Refresh] done in 64ms @ http://localhost:3000/_next/static/chunks/node_modules_next_dist_1e8vcs8._.js:791
[ 4531988ms] [LOG] [Fast Refresh] done in 64ms @ http://localhost:3000/_next/static/chunks/node_modules_next_dist_1e8vcs8._.js:791
[ 4532050ms] [LOG] [Fast Refresh] done in 64ms @ http://localhost:3000/_next/static/chunks/node_modules_next_dist_1e8vcs8._.js:791
[ 4532112ms] [LOG] [Fast Refresh] done in 64ms @ http://localhost:3000/_next/static/chunks/node_modules_next_dist_1e8vcs8._.js:791
[ 4532175ms] [LOG] [Fast Refresh] done in 64ms @ http://localhost:3000/_next/static/chunks/node_modules_next_dist_1e8vcs8._.js:791
[ 4532236ms] [LOG] [Fast Refresh] done in 64ms @ http://localhost:3000/_next/static/chunks/node_modules_next_dist_1e8vcs8._.js:791
[ 4532298ms] [LOG] [Fast Refresh] done in 64ms @ http://localhost:3000/_next/static/chunks/node_modules_next_dist_1e8vcs8._.js:791
[ 4532360ms] [LOG] [Fast Refresh] done in 64ms @ http://localhost:3000/_next/static/chunks/node_modules_next_dist_1e8vcs8._.js:791
[ 4532423ms] [LOG] [Fast Refresh] done in 64ms @ http://localhost:3000/_next/static/chunks/node_modules_next_dist_1e8vcs8._.js:791
[ 4532486ms] [LOG] [Fast Refresh] done in 64ms @ http://localhost:3000/_next/static/chunks/node_modules_next_dist_1e8vcs8._.js:791
[ 4532551ms] [LOG] [Fast Refresh] done in 64ms @ http://localhost:3000/_next/static/chunks/node_modules_next_dist_1e8vcs8._.js:791
[ 4532612ms] [LOG] [Fast Refresh] done in 64ms @ http://localhost:3000/_next/static/chunks/node_modules_next_dist_1e8vcs8._.js:791
[ 4532673ms] [LOG] [Fast Refresh] done in 64ms @ http://localhost:3000/_next/static/chunks/node_modules_next_dist_1e8vcs8._.js:791
[ 4532736ms] [LOG] [Fast Refresh] done in 64ms @ http://localhost:3000/_next/static/chunks/node_modules_next_dist_1e8vcs8._.js:791
[ 4532798ms] [LOG] [Fast Refresh] done in 64ms @ http://localhost:3000/_next/static/chunks/node_modules_next_dist_1e8vcs8._.js:791
[ 4532859ms] [LOG] [Fast Refresh] done in 64ms @ http://localhost:3000/_next/static/chunks/node_modules_next_dist_1e8vcs8._.js:791
[ 4532923ms] [LOG] [Fast Refresh] done in 64ms @ http://localhost:3000/_next/static/chunks/node_modules_next_dist_1e8vcs8._.js:791
[ 4532985ms] [LOG] [Fast Refresh] done in 64ms @ http://localhost:3000/_next/static/chunks/node_modules_next_dist_1e8vcs8._.js:791
[ 4533046ms] [LOG] [Fast Refresh] done in 64ms @ http://localhost:3000/_next/static/chunks/node_modules_next_dist_1e8vcs8._.js:791
[ 4533108ms] [LOG] [Fast Refresh] done in 64ms @ http://localhost:3000/_next/static/chunks/node_modules_next_dist_1e8vcs8._.js:791
[ 4533171ms] [LOG] [Fast Refresh] done in 64ms @ http://localhost:3000/_next/static/chunks/node_modules_next_dist_1e8vcs8._.js:791
[ 4533234ms] [LOG] [Fast Refresh] done in 64ms @ http://localhost:3000/_next/static/chunks/node_modules_next_dist_1e8vcs8._.js:791
[ 4533294ms] [LOG] [Fast Refresh] done in 64ms @ http://localhost:3000/_next/static/chunks/node_modules_next_dist_1e8vcs8._.js:791
[ 4533341ms] [LOG] [Fast Refresh] done in 64ms @ http://localhost:3000/_next/static/chunks/node_modules_next_dist_1e8vcs8._.js:791
[ 4533403ms] [LOG] [Fast Refresh] done in 64ms @ http://localhost:3000/_next/static/chunks/node_modules_next_dist_1e8vcs8._.js:791
[ 4533465ms] [LOG] [Fast Refresh] done in 64ms @ http://localhost:3000/_next/static/chunks/node_modules_next_dist_1e8vcs8._.js:791
[ 4533528ms] [LOG] [Fast Refresh] done in 64ms @ http://localhost:3000/_next/static/chunks/node_modules_next_dist_1e8vcs8._.js:791
[ 4533590ms] [LOG] [Fast Refresh] done in 64ms @ http://localhost:3000/_next/static/chunks/node_modules_next_dist_1e8vcs8._.js:791
[ 4533653ms] [LOG] [Fast Refresh] done in 64ms @ http://localhost:3000/_next/static/chunks/node_modules_next_dist_1e8vcs8._.js:791
[ 4533715ms] [LOG] [Fast Refresh] done in 64ms @ http://localhost:3000/_next/static/chunks/node_modules_next_dist_1e8vcs8._.js:791
[ 4533777ms] [LOG] [Fast Refresh] done in 64ms @ http://localhost:3000/_next/static/chunks/node_modules_next_dist_1e8vcs8._.js:791
[ 4533839ms] [LOG] [Fast Refresh] done in 64ms @ http://localhost:3000/_next/static/chunks/node_modules_next_dist_1e8vcs8._.js:791
[ 4533900ms] [LOG] [Fast Refresh] done in 64ms @ http://localhost:3000/_next/static/chunks/node_modules_next_dist_1e8vcs8._.js:791
[ 4533977ms] [LOG] [Fast Refresh] done in 64ms @ http://localhost:3000/_next/static/chunks/node_modules_next_dist_1e8vcs8._.js:791
[ 4534039ms] [LOG] [Fast Refresh] done in 64ms @ http://localhost:3000/_next/static/chunks/node_modules_next_dist_1e8vcs8._.js:791
[ 4534100ms] [LOG] [Fast Refresh] done in 64ms @ http://localhost:3000/_next/static/chunks/node_modules_next_dist_1e8vcs8._.js:791
[ 4534164ms] [LOG] [Fast Refresh] done in 64ms @ http://localhost:3000/_next/static/chunks/node_modules_next_dist_1e8vcs8._.js:791
[ 4534225ms] [LOG] [Fast Refresh] done in 64ms @ http://localhost:3000/_next/static/chunks/node_modules_next_dist_1e8vcs8._.js:791
[ 4534289ms] [LOG] [Fast Refresh] done in 64ms @ http://localhost:3000/_next/static/chunks/node_modules_next_dist_1e8vcs8._.js:791
[ 4534350ms] [LOG] [Fast Refresh] done in 64ms @ http://localhost:3000/_next/static/chunks/node_modules_next_dist_1e8vcs8._.js:791
[ 4534413ms] [LOG] [Fast Refresh] done in 64ms @ http://localhost:3000/_next/static/chunks/node_modules_next_dist_1e8vcs8._.js:791
[ 4534476ms] [LOG] [Fast Refresh] done in 64ms @ http://localhost:3000/_next/static/chunks/node_modules_next_dist_1e8vcs8._.js:791
[ 4534539ms] [LOG] [Fast Refresh] done in 64ms @ http://localhost:3000/_next/static/chunks/node_modules_next_dist_1e8vcs8._.js:791
[ 4534602ms] [LOG] [Fast Refresh] done in 64ms @ http://localhost:3000/_next/static/chunks/node_modules_next_dist_1e8vcs8._.js:791
[ 4534663ms] [LOG] [Fast Refresh] done in 64ms @ http://localhost:3000/_next/static/chunks/node_modules_next_dist_1e8vcs8._.js:791
[ 4534724ms] [LOG] [Fast Refresh] done in 64ms @ http://localhost:3000/_next/static/chunks/node_modules_next_dist_1e8vcs8._.js:791
[ 4534788ms] [LOG] [Fast Refresh] done in 64ms @ http://localhost:3000/_next/static/chunks/node_modules_next_dist_1e8vcs8._.js:791
[ 4534848ms] [LOG] [Fast Refresh] done in 64ms @ http://localhost:3000/_next/static/chunks/node_modules_next_dist_1e8vcs8._.js:791
[ 4534910ms] [LOG] [Fast Refresh] done in 64ms @ http://localhost:3000/_next/static/chunks/node_modules_next_dist_1e8vcs8._.js:791
[ 4534973ms] [LOG] [Fast Refresh] done in 64ms @ http://localhost:3000/_next/static/chunks/node_modules_next_dist_1e8vcs8._.js:791
[ 4535035ms] [LOG] [Fast Refresh] done in 64ms @ http://localhost:3000/_next/static/chunks/node_modules_next_dist_1e8vcs8._.js:791
[ 4535098ms] [LOG] [Fast Refresh] done in 64ms @ http://localhost:3000/_next/static/chunks/node_modules_next_dist_1e8vcs8._.js:791
[ 4535160ms] [LOG] [Fast Refresh] done in 64ms @ http://localhost:3000/_next/static/chunks/node_modules_next_dist_1e8vcs8._.js:791
[ 4535224ms] [LOG] [Fast Refresh] done in 64ms @ http://localhost:3000/_next/static/chunks/node_modules_next_dist_1e8vcs8._.js:791
[ 4535272ms] [LOG] [Fast Refresh] done in 64ms @ http://localhost:3000/_next/static/chunks/node_modules_next_dist_1e8vcs8._.js:791
[ 4535333ms] [LOG] [Fast Refresh] done in 64ms @ http://localhost:3000/_next/static/chunks/node_modules_next_dist_1e8vcs8._.js:791
[ 4535395ms] [LOG] [Fast Refresh] done in 64ms @ http://localhost:3000/_next/static/chunks/node_modules_next_dist_1e8vcs8._.js:791
[ 4535456ms] [LOG] [Fast Refresh] done in 64ms @ http://localhost:3000/_next/static/chunks/node_modules_next_dist_1e8vcs8._.js:791
[ 4535518ms] [LOG] [Fast Refresh] done in 64ms @ http://localhost:3000/_next/static/chunks/node_modules_next_dist_1e8vcs8._.js:791
[ 4535579ms] [LOG] [Fast Refresh] done in 64ms @ http://localhost:3000/_next/static/chunks/node_modules_next_dist_1e8vcs8._.js:791
[ 4535642ms] [LOG] [Fast Refresh] done in 64ms @ http://localhost:3000/_next/static/chunks/node_modules_next_dist_1e8vcs8._.js:791
[ 4535704ms] [LOG] [Fast Refresh] done in 64ms @ http://localhost:3000/_next/static/chunks/node_modules_next_dist_1e8vcs8._.js:791
[ 4535766ms] [LOG] [Fast Refresh] done in 64ms @ http://localhost:3000/_next/static/chunks/node_modules_next_dist_1e8vcs8._.js:791
[ 4535827ms] [LOG] [Fast Refresh] done in 64ms @ http://localhost:3000/_next/static/chunks/node_modules_next_dist_1e8vcs8._.js:791
[ 4535889ms] [LOG] [Fast Refresh] done in 64ms @ http://localhost:3000/_next/static/chunks/node_modules_next_dist_1e8vcs8._.js:791
[ 4535951ms] [LOG] [Fast Refresh] done in 64ms @ http://localhost:3000/_next/static/chunks/node_modules_next_dist_1e8vcs8._.js:791
[ 4536012ms] [LOG] [Fast Refresh] done in 64ms @ http://localhost:3000/_next/static/chunks/node_modules_next_dist_1e8vcs8._.js:791
[ 4536061ms] [LOG] [Fast Refresh] done in 64ms @ http://localhost:3000/_next/static/chunks/node_modules_next_dist_1e8vcs8._.js:791
[ 4536108ms] [LOG] [Fast Refresh] done in 64ms @ http://localhost:3000/_next/static/chunks/node_modules_next_dist_1e8vcs8._.js:791
[ 4536170ms] [LOG] [Fast Refresh] done in 64ms @ http://localhost:3000/_next/static/chunks/node_modules_next_dist_1e8vcs8._.js:791
[ 4536232ms] [LOG] [Fast Refresh] done in 64ms @ http://localhost:3000/_next/static/chunks/node_modules_next_dist_1e8vcs8._.js:791
[ 4536294ms] [LOG] [Fast Refresh] done in 64ms @ http://localhost:3000/_next/static/chunks/node_modules_next_dist_1e8vcs8._.js:791
[ 4536355ms] [LOG] [Fast Refresh] done in 64ms @ http://localhost:3000/_next/static/chunks/node_modules_next_dist_1e8vcs8._.js:791
[ 4536417ms] [LOG] [Fast Refresh] done in 64ms @ http://localhost:3000/_next/static/chunks/node_modules_next_dist_1e8vcs8._.js:791
[ 4536478ms] [LOG] [Fast Refresh] done in 64ms @ http://localhost:3000/_next/static/chunks/node_modules_next_dist_1e8vcs8._.js:791
[ 4536539ms] [LOG] [Fast Refresh] done in 64ms @ http://localhost:3000/_next/static/chunks/node_modules_next_dist_1e8vcs8._.js:791
[ 4536602ms] [LOG] [Fast Refresh] done in 64ms @ http://localhost:3000/_next/static/chunks/node_modules_next_dist_1e8vcs8._.js:791
[ 4536655ms] [LOG] [Fast Refresh] done in 64ms @ http://localhost:3000/_next/static/chunks/node_modules_next_dist_1e8vcs8._.js:791
[ 4536712ms] [LOG] [Fast Refresh] done in 64ms @ http://localhost:3000/_next/static/chunks/node_modules_next_dist_1e8vcs8._.js:791
[ 4536774ms] [LOG] [Fast Refresh] done in 64ms @ http://localhost:3000/_next/static/chunks/node_modules_next_dist_1e8vcs8._.js:791
[ 4536837ms] [LOG] [Fast Refresh] done in 64ms @ http://localhost:3000/_next/static/chunks/node_modules_next_dist_1e8vcs8._.js:791
[ 4536899ms] [LOG] [Fast Refresh] done in 64ms @ http://localhost:3000/_next/static/chunks/node_modules_next_dist_1e8vcs8._.js:791
[ 4536948ms] [LOG] [Fast Refresh] done in 64ms @ http://localhost:3000/_next/static/chunks/node_modules_next_dist_1e8vcs8._.js:791
[ 4537010ms] [LOG] [Fast Refresh] done in 64ms @ http://localhost:3000/_next/static/chunks/node_modules_next_dist_1e8vcs8._.js:791
[ 4537070ms] [LOG] [Fast Refresh] done in 64ms @ http://localhost:3000/_next/static/chunks/node_modules_next_dist_1e8vcs8._.js:791
[ 4537133ms] [LOG] [Fast Refresh] done in 64ms @ http://localhost:3000/_next/static/chunks/node_modules_next_dist_1e8vcs8._.js:791
[ 4537194ms] [LOG] [Fast Refresh] done in 64ms @ http://localhost:3000/_next/static/chunks/node_modules_next_dist_1e8vcs8._.js:791
[ 4537256ms] [LOG] [Fast Refresh] done in 64ms @ http://localhost:3000/_next/static/chunks/node_modules_next_dist_1e8vcs8._.js:791
[ 4537318ms] [LOG] [Fast Refresh] done in 64ms @ http://localhost:3000/_next/static/chunks/node_modules_next_dist_1e8vcs8._.js:791
[ 4537381ms] [LOG] [Fast Refresh] done in 64ms @ http://localhost:3000/_next/static/chunks/node_modules_next_dist_1e8vcs8._.js:791
[ 4537444ms] [LOG] [Fast Refresh] done in 64ms @ http://localhost:3000/_next/static/chunks/node_modules_next_dist_1e8vcs8._.js:791
[ 4537507ms] [LOG] [Fast Refresh] done in 64ms @ http://localhost:3000/_next/static/chunks/node_modules_next_dist_1e8vcs8._.js:791
[ 4537554ms] [LOG] [Fast Refresh] done in 64ms @ http://localhost:3000/_next/static/chunks/node_modules_next_dist_1e8vcs8._.js:791
[ 4537616ms] [LOG] [Fast Refresh] done in 64ms @ http://localhost:3000/_next/static/chunks/node_modules_next_dist_1e8vcs8._.js:791
[ 4537678ms] [LOG] [Fast Refresh] done in 64ms @ http://localhost:3000/_next/static/chunks/node_modules_next_dist_1e8vcs8._.js:791
[ 4537740ms] [LOG] [Fast Refresh] done in 64ms @ http://localhost:3000/_next/static/chunks/node_modules_next_dist_1e8vcs8._.js:791
[ 4537803ms] [LOG] [Fast Refresh] done in 64ms @ http://localhost:3000/_next/static/chunks/node_modules_next_dist_1e8vcs8._.js:791
[ 4537864ms] [LOG] [Fast Refresh] done in 64ms @ http://localhost:3000/_next/static/chunks/node_modules_next_dist_1e8vcs8._.js:791
[ 4537926ms] [LOG] [Fast Refresh] done in 64ms @ http://localhost:3000/_next/static/chunks/node_modules_next_dist_1e8vcs8._.js:791
[ 4537988ms] [LOG] [Fast Refresh] done in 64ms @ http://localhost:3000/_next/static/chunks/node_modules_next_dist_1e8vcs8._.js:791
[ 4538049ms] [LOG] [Fast Refresh] done in 64ms @ http://localhost:3000/_next/static/chunks/node_modules_next_dist_1e8vcs8._.js:791
[ 4538111ms] [LOG] [Fast Refresh] done in 64ms @ http://localhost:3000/_next/static/chunks/node_modules_next_dist_1e8vcs8._.js:791
[ 4538173ms] [LOG] [Fast Refresh] done in 64ms @ http://localhost:3000/_next/static/chunks/node_modules_next_dist_1e8vcs8._.js:791
[ 4538237ms] [LOG] [Fast Refresh] done in 64ms @ http://localhost:3000/_next/static/chunks/node_modules_next_dist_1e8vcs8._.js:791
[ 4538296ms] [LOG] [Fast Refresh] done in 64ms @ http://localhost:3000/_next/static/chunks/node_modules_next_dist_1e8vcs8._.js:791
[ 4538358ms] [LOG] [Fast Refresh] done in 64ms @ http://localhost:3000/_next/static/chunks/node_modules_next_dist_1e8vcs8._.js:791
[ 4538420ms] [LOG] [Fast Refresh] done in 64ms @ http://localhost:3000/_next/static/chunks/node_modules_next_dist_1e8vcs8._.js:791
[ 4538485ms] [LOG] [Fast Refresh] done in 64ms @ http://localhost:3000/_next/static/chunks/node_modules_next_dist_1e8vcs8._.js:791
[ 4538543ms] [LOG] [Fast Refresh] done in 64ms @ http://localhost:3000/_next/static/chunks/node_modules_next_dist_1e8vcs8._.js:791
[ 4538605ms] [LOG] [Fast Refresh] done in 64ms @ http://localhost:3000/_next/static/chunks/node_modules_next_dist_1e8vcs8._.js:791
[ 4538667ms] [LOG] [Fast Refresh] done in 64ms @ http://localhost:3000/_next/static/chunks/node_modules_next_dist_1e8vcs8._.js:791
[ 4538730ms] [LOG] [Fast Refresh] done in 64ms @ http://localhost:3000/_next/static/chunks/node_modules_next_dist_1e8vcs8._.js:791
[ 4538792ms] [LOG] [Fast Refresh] done in 64ms @ http://localhost:3000/_next/static/chunks/node_modules_next_dist_1e8vcs8._.js:791
[ 4538854ms] [LOG] [Fast Refresh] done in 64ms @ http://localhost:3000/_next/static/chunks/node_modules_next_dist_1e8vcs8._.js:791
[ 4538916ms] [LOG] [Fast Refresh] done in 64ms @ http://localhost:3000/_next/static/chunks/node_modules_next_dist_1e8vcs8._.js:791
[ 4538977ms] [LOG] [Fast Refresh] done in 64ms @ http://localhost:3000/_next/static/chunks/node_modules_next_dist_1e8vcs8._.js:791
[ 4539039ms] [LOG] [Fast Refresh] done in 64ms @ http://localhost:3000/_next/static/chunks/node_modules_next_dist_1e8vcs8._.js:791
[ 4539100ms] [LOG] [Fast Refresh] done in 64ms @ http://localhost:3000/_next/static/chunks/node_modules_next_dist_1e8vcs8._.js:791
[ 4539163ms] [LOG] [Fast Refresh] done in 64ms @ http://localhost:3000/_next/static/chunks/node_modules_next_dist_1e8vcs8._.js:791
[ 4539214ms] [LOG] [Fast Refresh] done in 64ms @ http://localhost:3000/_next/static/chunks/node_modules_next_dist_1e8vcs8._.js:791
[ 4539275ms] [LOG] [Fast Refresh] done in 64ms @ http://localhost:3000/_next/static/chunks/node_modules_next_dist_1e8vcs8._.js:791
[ 4539338ms] [LOG] [Fast Refresh] done in 64ms @ http://localhost:3000/_next/static/chunks/node_modules_next_dist_1e8vcs8._.js:791
[ 4539400ms] [LOG] [Fast Refresh] done in 64ms @ http://localhost:3000/_next/static/chunks/node_modules_next_dist_1e8vcs8._.js:791
[ 4539462ms] [LOG] [Fast Refresh] done in 64ms @ http://localhost:3000/_next/static/chunks/node_modules_next_dist_1e8vcs8._.js:791
[ 4539525ms] [LOG] [Fast Refresh] done in 64ms @ http://localhost:3000/_next/static/chunks/node_modules_next_dist_1e8vcs8._.js:791
[ 4539587ms] [LOG] [Fast Refresh] done in 64ms @ http://localhost:3000/_next/static/chunks/node_modules_next_dist_1e8vcs8._.js:791
[ 4539650ms] [LOG] [Fast Refresh] done in 64ms @ http://localhost:3000/_next/static/chunks/node_modules_next_dist_1e8vcs8._.js:791
[ 4539710ms] [LOG] [Fast Refresh] done in 64ms @ http://localhost:3000/_next/static/chunks/node_modules_next_dist_1e8vcs8._.js:791
[ 4539773ms] [LOG] [Fast Refresh] done in 64ms @ http://localhost:3000/_next/static/chunks/node_modules_next_dist_1e8vcs8._.js:791
[ 4539833ms] [LOG] [Fast Refresh] done in 64ms @ http://localhost:3000/_next/static/chunks/node_modules_next_dist_1e8vcs8._.js:791
[ 4539897ms] [LOG] [Fast Refresh] done in 64ms @ http://localhost:3000/_next/static/chunks/node_modules_next_dist_1e8vcs8._.js:791
[ 4539959ms] [LOG] [Fast Refresh] done in 64ms @ http://localhost:3000/_next/static/chunks/node_modules_next_dist_1e8vcs8._.js:791
[ 4540021ms] [LOG] [Fast Refresh] done in 64ms @ http://localhost:3000/_next/static/chunks/node_modules_next_dist_1e8vcs8._.js:791
[ 4540082ms] [LOG] [Fast Refresh] done in 64ms @ http://localhost:3000/_next/static/chunks/node_modules_next_dist_1e8vcs8._.js:791
[ 4540142ms] [LOG] [Fast Refresh] done in 64ms @ http://localhost:3000/_next/static/chunks/node_modules_next_dist_1e8vcs8._.js:791
[ 4540205ms] [LOG] [Fast Refresh] done in 64ms @ http://localhost:3000/_next/static/chunks/node_modules_next_dist_1e8vcs8._.js:791
[ 4540268ms] [LOG] [Fast Refresh] done in 64ms @ http://localhost:3000/_next/static/chunks/node_modules_next_dist_1e8vcs8._.js:791
[ 4540329ms] [LOG] [Fast Refresh] done in 64ms @ http://localhost:3000/_next/static/chunks/node_modules_next_dist_1e8vcs8._.js:791
[ 4540390ms] [LOG] [Fast Refresh] done in 64ms @ http://localhost:3000/_next/static/chunks/node_modules_next_dist_1e8vcs8._.js:791
[ 4540453ms] [LOG] [Fast Refresh] done in 64ms @ http://localhost:3000/_next/static/chunks/node_modules_next_dist_1e8vcs8._.js:791
[ 4540515ms] [LOG] [Fast Refresh] done in 64ms @ http://localhost:3000/_next/static/chunks/node_modules_next_dist_1e8vcs8._.js:791
[ 4540577ms] [LOG] [Fast Refresh] done in 64ms @ http://localhost:3000/_next/static/chunks/node_modules_next_dist_1e8vcs8._.js:791
[ 4540639ms] [LOG] [Fast Refresh] done in 64ms @ http://localhost:3000/_next/static/chunks/node_modules_next_dist_1e8vcs8._.js:791
[ 4540700ms] [LOG] [Fast Refresh] done in 64ms @ http://localhost:3000/_next/static/chunks/node_modules_next_dist_1e8vcs8._.js:791
[ 4540754ms] [LOG] [Fast Refresh] done in 64ms @ http://localhost:3000/_next/static/chunks/node_modules_next_dist_1e8vcs8._.js:791
[ 4540832ms] [LOG] [Fast Refresh] done in 64ms @ http://localhost:3000/_next/static/chunks/node_modules_next_dist_1e8vcs8._.js:791
[ 4540892ms] [LOG] [Fast Refresh] done in 64ms @ http://localhost:3000/_next/static/chunks/node_modules_next_dist_1e8vcs8._.js:791
[ 4540953ms] [LOG] [Fast Refresh] done in 64ms @ http://localhost:3000/_next/static/chunks/node_modules_next_dist_1e8vcs8._.js:791
[ 4541015ms] [LOG] [Fast Refresh] done in 64ms @ http://localhost:3000/_next/static/chunks/node_modules_next_dist_1e8vcs8._.js:791
[ 4541076ms] [LOG] [Fast Refresh] done in 64ms @ http://localhost:3000/_next/static/chunks/node_modules_next_dist_1e8vcs8._.js:791
[ 4541138ms] [LOG] [Fast Refresh] done in 64ms @ http://localhost:3000/_next/static/chunks/node_modules_next_dist_1e8vcs8._.js:791
[ 4541203ms] [LOG] [Fast Refresh] done in 64ms @ http://localhost:3000/_next/static/chunks/node_modules_next_dist_1e8vcs8._.js:791
[ 4541265ms] [LOG] [Fast Refresh] done in 64ms @ http://localhost:3000/_next/static/chunks/node_modules_next_dist_1e8vcs8._.js:791
[ 4541324ms] [LOG] [Fast Refresh] done in 64ms @ http://localhost:3000/_next/static/chunks/node_modules_next_dist_1e8vcs8._.js:791
[ 4541386ms] [LOG] [Fast Refresh] done in 64ms @ http://localhost:3000/_next/static/chunks/node_modules_next_dist_1e8vcs8._.js:791
[ 4541449ms] [LOG] [Fast Refresh] done in 64ms @ http://localhost:3000/_next/static/chunks/node_modules_next_dist_1e8vcs8._.js:791
[ 4541512ms] [LOG] [Fast Refresh] done in 64ms @ http://localhost:3000/_next/static/chunks/node_modules_next_dist_1e8vcs8._.js:791
[ 4541573ms] [LOG] [Fast Refresh] done in 64ms @ http://localhost:3000/_next/static/chunks/node_modules_next_dist_1e8vcs8._.js:791
[ 4541633ms] [LOG] [Fast Refresh] done in 64ms @ http://localhost:3000/_next/static/chunks/node_modules_next_dist_1e8vcs8._.js:791
[ 4541694ms] [LOG] [Fast Refresh] done in 64ms @ http://localhost:3000/_next/static/chunks/node_modules_next_dist_1e8vcs8._.js:791
[ 4541756ms] [LOG] [Fast Refresh] done in 64ms @ http://localhost:3000/_next/static/chunks/node_modules_next_dist_1e8vcs8._.js:791
[ 4541803ms] [LOG] [Fast Refresh] done in 64ms @ http://localhost:3000/_next/static/chunks/node_modules_next_dist_1e8vcs8._.js:791
[ 4541865ms] [LOG] [Fast Refresh] done in 64ms @ http://localhost:3000/_next/static/chunks/node_modules_next_dist_1e8vcs8._.js:791
[ 4541927ms] [LOG] [Fast Refresh] done in 64ms @ http://localhost:3000/_next/static/chunks/node_modules_next_dist_1e8vcs8._.js:791
[ 4541995ms] [LOG] [Fast Refresh] done in 64ms @ http://localhost:3000/_next/static/chunks/node_modules_next_dist_1e8vcs8._.js:791
[ 4542050ms] [LOG] [Fast Refresh] done in 64ms @ http://localhost:3000/_next/static/chunks/node_modules_next_dist_1e8vcs8._.js:791
[ 4542113ms] [LOG] [Fast Refresh] done in 64ms @ http://localhost:3000/_next/static/chunks/node_modules_next_dist_1e8vcs8._.js:791
[ 4542160ms] [LOG] [Fast Refresh] done in 64ms @ http://localhost:3000/_next/static/chunks/node_modules_next_dist_1e8vcs8._.js:791
[ 4542223ms] [LOG] [Fast Refresh] done in 64ms @ http://localhost:3000/_next/static/chunks/node_modules_next_dist_1e8vcs8._.js:791
[ 4542285ms] [LOG] [Fast Refresh] done in 64ms @ http://localhost:3000/_next/static/chunks/node_modules_next_dist_1e8vcs8._.js:791
[ 4542347ms] [LOG] [Fast Refresh] done in 64ms @ http://localhost:3000/_next/static/chunks/node_modules_next_dist_1e8vcs8._.js:791
[ 4542411ms] [LOG] [Fast Refresh] done in 64ms @ http://localhost:3000/_next/static/chunks/node_modules_next_dist_1e8vcs8._.js:791
[ 4542474ms] [LOG] [Fast Refresh] done in 64ms @ http://localhost:3000/_next/static/chunks/node_modules_next_dist_1e8vcs8._.js:791
[ 4542534ms] [LOG] [Fast Refresh] done in 64ms @ http://localhost:3000/_next/static/chunks/node_modules_next_dist_1e8vcs8._.js:791
[ 4542598ms] [LOG] [Fast Refresh] done in 64ms @ http://localhost:3000/_next/static/chunks/node_modules_next_dist_1e8vcs8._.js:791
[ 4542659ms] [LOG] [Fast Refresh] done in 64ms @ http://localhost:3000/_next/static/chunks/node_modules_next_dist_1e8vcs8._.js:791
[ 4542721ms] [LOG] [Fast Refresh] done in 64ms @ http://localhost:3000/_next/static/chunks/node_modules_next_dist_1e8vcs8._.js:791
[ 4542784ms] [LOG] [Fast Refresh] done in 64ms @ http://localhost:3000/_next/static/chunks/node_modules_next_dist_1e8vcs8._.js:791
[ 4542847ms] [LOG] [Fast Refresh] done in 64ms @ http://localhost:3000/_next/static/chunks/node_modules_next_dist_1e8vcs8._.js:791
[ 4542907ms] [LOG] [Fast Refresh] done in 64ms @ http://localhost:3000/_next/static/chunks/node_modules_next_dist_1e8vcs8._.js:791
[ 4542966ms] [LOG] [Fast Refresh] done in 64ms @ http://localhost:3000/_next/static/chunks/node_modules_next_dist_1e8vcs8._.js:791
[ 4543027ms] [LOG] [Fast Refresh] done in 64ms @ http://localhost:3000/_next/static/chunks/node_modules_next_dist_1e8vcs8._.js:791
[ 4543090ms] [LOG] [Fast Refresh] done in 64ms @ http://localhost:3000/_next/static/chunks/node_modules_next_dist_1e8vcs8._.js:791
[ 4543153ms] [LOG] [Fast Refresh] done in 64ms @ http://localhost:3000/_next/static/chunks/node_modules_next_dist_1e8vcs8._.js:791
[ 4543215ms] [LOG] [Fast Refresh] done in 64ms @ http://localhost:3000/_next/static/chunks/node_modules_next_dist_1e8vcs8._.js:791
[ 4543276ms] [LOG] [Fast Refresh] done in 64ms @ http://localhost:3000/_next/static/chunks/node_modules_next_dist_1e8vcs8._.js:791
[ 4543337ms] [LOG] [Fast Refresh] done in 64ms @ http://localhost:3000/_next/static/chunks/node_modules_next_dist_1e8vcs8._.js:791
[ 4543400ms] [LOG] [Fast Refresh] done in 64ms @ http://localhost:3000/_next/static/chunks/node_modules_next_dist_1e8vcs8._.js:791
[ 4543450ms] [LOG] [Fast Refresh] done in 64ms @ http://localhost:3000/_next/static/chunks/node_modules_next_dist_1e8vcs8._.js:791
[ 4543502ms] [LOG] [Fast Refresh] done in 64ms @ http://localhost:3000/_next/static/chunks/node_modules_next_dist_1e8vcs8._.js:791
[ 4543564ms] [LOG] [Fast Refresh] done in 64ms @ http://localhost:3000/_next/static/chunks/node_modules_next_dist_1e8vcs8._.js:791
[ 4543625ms] [LOG] [Fast Refresh] done in 64ms @ http://localhost:3000/_next/static/chunks/node_modules_next_dist_1e8vcs8._.js:791
[ 4543689ms] [LOG] [Fast Refresh] done in 64ms @ http://localhost:3000/_next/static/chunks/node_modules_next_dist_1e8vcs8._.js:791
[ 4543752ms] [LOG] [Fast Refresh] done in 64ms @ http://localhost:3000/_next/static/chunks/node_modules_next_dist_1e8vcs8._.js:791
[ 4543813ms] [LOG] [Fast Refresh] done in 64ms @ http://localhost:3000/_next/static/chunks/node_modules_next_dist_1e8vcs8._.js:791
[ 4543860ms] [LOG] [Fast Refresh] done in 64ms @ http://localhost:3000/_next/static/chunks/node_modules_next_dist_1e8vcs8._.js:791
[ 4543923ms] [LOG] [Fast Refresh] done in 64ms @ http://localhost:3000/_next/static/chunks/node_modules_next_dist_1e8vcs8._.js:791
[ 4543984ms] [LOG] [Fast Refresh] done in 64ms @ http://localhost:3000/_next/static/chunks/node_modules_next_dist_1e8vcs8._.js:791
[ 4544045ms] [LOG] [Fast Refresh] done in 64ms @ http://localhost:3000/_next/static/chunks/node_modules_next_dist_1e8vcs8._.js:791
[ 4544106ms] [LOG] [Fast Refresh] done in 64ms @ http://localhost:3000/_next/static/chunks/node_modules_next_dist_1e8vcs8._.js:791
[ 4544169ms] [LOG] [Fast Refresh] done in 64ms @ http://localhost:3000/_next/static/chunks/node_modules_next_dist_1e8vcs8._.js:791
[ 4544232ms] [LOG] [Fast Refresh] done in 64ms @ http://localhost:3000/_next/static/chunks/node_modules_next_dist_1e8vcs8._.js:791
[ 4544279ms] [LOG] [Fast Refresh] done in 64ms @ http://localhost:3000/_next/static/chunks/node_modules_next_dist_1e8vcs8._.js:791
[ 4544342ms] [LOG] [Fast Refresh] done in 64ms @ http://localhost:3000/_next/static/chunks/node_modules_next_dist_1e8vcs8._.js:791
[ 4544405ms] [LOG] [Fast Refresh] done in 64ms @ http://localhost:3000/_next/static/chunks/node_modules_next_dist_1e8vcs8._.js:791
[ 4544467ms] [LOG] [Fast Refresh] done in 64ms @ http://localhost:3000/_next/static/chunks/node_modules_next_dist_1e8vcs8._.js:791
[ 4544527ms] [LOG] [Fast Refresh] done in 64ms @ http://localhost:3000/_next/static/chunks/node_modules_next_dist_1e8vcs8._.js:791
[ 4544589ms] [LOG] [Fast Refresh] done in 64ms @ http://localhost:3000/_next/static/chunks/node_modules_next_dist_1e8vcs8._.js:791
[ 4544651ms] [LOG] [Fast Refresh] done in 64ms @ http://localhost:3000/_next/static/chunks/node_modules_next_dist_1e8vcs8._.js:791
[ 4544713ms] [LOG] [Fast Refresh] done in 64ms @ http://localhost:3000/_next/static/chunks/node_modules_next_dist_1e8vcs8._.js:791
[ 4544776ms] [LOG] [Fast Refresh] done in 64ms @ http://localhost:3000/_next/static/chunks/node_modules_next_dist_1e8vcs8._.js:791
[ 4544837ms] [LOG] [Fast Refresh] done in 64ms @ http://localhost:3000/_next/static/chunks/node_modules_next_dist_1e8vcs8._.js:791
[ 4544898ms] [LOG] [Fast Refresh] done in 64ms @ http://localhost:3000/_next/static/chunks/node_modules_next_dist_1e8vcs8._.js:791
[ 4544960ms] [LOG] [Fast Refresh] done in 64ms @ http://localhost:3000/_next/static/chunks/node_modules_next_dist_1e8vcs8._.js:791
[ 4545008ms] [LOG] [Fast Refresh] done in 64ms @ http://localhost:3000/_next/static/chunks/node_modules_next_dist_1e8vcs8._.js:791
[ 4545062ms] [LOG] [Fast Refresh] done in 64ms @ http://localhost:3000/_next/static/chunks/node_modules_next_dist_1e8vcs8._.js:791
[ 4545124ms] [LOG] [Fast Refresh] done in 64ms @ http://localhost:3000/_next/static/chunks/node_modules_next_dist_1e8vcs8._.js:791
[ 4545186ms] [LOG] [Fast Refresh] done in 64ms @ http://localhost:3000/_next/static/chunks/node_modules_next_dist_1e8vcs8._.js:791
[ 4545249ms] [LOG] [Fast Refresh] done in 64ms @ http://localhost:3000/_next/static/chunks/node_modules_next_dist_1e8vcs8._.js:791
[ 4545309ms] [LOG] [Fast Refresh] done in 64ms @ http://localhost:3000/_next/static/chunks/node_modules_next_dist_1e8vcs8._.js:791
[ 4545371ms] [LOG] [Fast Refresh] done in 64ms @ http://localhost:3000/_next/static/chunks/node_modules_next_dist_1e8vcs8._.js:791
[ 4545433ms] [LOG] [Fast Refresh] done in 64ms @ http://localhost:3000/_next/static/chunks/node_modules_next_dist_1e8vcs8._.js:791
[ 4545494ms] [LOG] [Fast Refresh] done in 64ms @ http://localhost:3000/_next/static/chunks/node_modules_next_dist_1e8vcs8._.js:791
[ 4545554ms] [LOG] [Fast Refresh] done in 64ms @ http://localhost:3000/_next/static/chunks/node_modules_next_dist_1e8vcs8._.js:791
[ 4545617ms] [LOG] [Fast Refresh] done in 64ms @ http://localhost:3000/_next/static/chunks/node_modules_next_dist_1e8vcs8._.js:791
[ 4545680ms] [LOG] [Fast Refresh] done in 64ms @ http://localhost:3000/_next/static/chunks/node_modules_next_dist_1e8vcs8._.js:791
[ 4545742ms] [LOG] [Fast Refresh] done in 64ms @ http://localhost:3000/_next/static/chunks/node_modules_next_dist_1e8vcs8._.js:791
[ 4545804ms] [LOG] [Fast Refresh] done in 64ms @ http://localhost:3000/_next/static/chunks/node_modules_next_dist_1e8vcs8._.js:791
[ 4545866ms] [LOG] [Fast Refresh] done in 64ms @ http://localhost:3000/_next/static/chunks/node_modules_next_dist_1e8vcs8._.js:791
[ 4545927ms] [LOG] [Fast Refresh] done in 64ms @ http://localhost:3000/_next/static/chunks/node_modules_next_dist_1e8vcs8._.js:791
[ 4545989ms] [LOG] [Fast Refresh] done in 64ms @ http://localhost:3000/_next/static/chunks/node_modules_next_dist_1e8vcs8._.js:791
[ 4546050ms] [LOG] [Fast Refresh] done in 64ms @ http://localhost:3000/_next/static/chunks/node_modules_next_dist_1e8vcs8._.js:791
[ 4546113ms] [LOG] [Fast Refresh] done in 64ms @ http://localhost:3000/_next/static/chunks/node_modules_next_dist_1e8vcs8._.js:791
[ 4546177ms] [LOG] [Fast Refresh] done in 64ms @ http://localhost:3000/_next/static/chunks/node_modules_next_dist_1e8vcs8._.js:791
[ 4546240ms] [LOG] [Fast Refresh] done in 64ms @ http://localhost:3000/_next/static/chunks/node_modules_next_dist_1e8vcs8._.js:791
[ 4546303ms] [LOG] [Fast Refresh] done in 64ms @ http://localhost:3000/_next/static/chunks/node_modules_next_dist_1e8vcs8._.js:791
[ 4546363ms] [LOG] [Fast Refresh] done in 64ms @ http://localhost:3000/_next/static/chunks/node_modules_next_dist_1e8vcs8._.js:791
[ 4546425ms] [LOG] [Fast Refresh] done in 64ms @ http://localhost:3000/_next/static/chunks/node_modules_next_dist_1e8vcs8._.js:791
[ 4546486ms] [LOG] [Fast Refresh] done in 64ms @ http://localhost:3000/_next/static/chunks/node_modules_next_dist_1e8vcs8._.js:791
[ 4546548ms] [LOG] [Fast Refresh] done in 64ms @ http://localhost:3000/_next/static/chunks/node_modules_next_dist_1e8vcs8._.js:791
[ 4546610ms] [LOG] [Fast Refresh] done in 64ms @ http://localhost:3000/_next/static/chunks/node_modules_next_dist_1e8vcs8._.js:791
[ 4546672ms] [LOG] [Fast Refresh] done in 64ms @ http://localhost:3000/_next/static/chunks/node_modules_next_dist_1e8vcs8._.js:791
[ 4546734ms] [LOG] [Fast Refresh] done in 64ms @ http://localhost:3000/_next/static/chunks/node_modules_next_dist_1e8vcs8._.js:791
[ 4546795ms] [LOG] [Fast Refresh] done in 64ms @ http://localhost:3000/_next/static/chunks/node_modules_next_dist_1e8vcs8._.js:791
[ 4546856ms] [LOG] [Fast Refresh] done in 64ms @ http://localhost:3000/_next/static/chunks/node_modules_next_dist_1e8vcs8._.js:791
[ 4546905ms] [LOG] [Fast Refresh] done in 64ms @ http://localhost:3000/_next/static/chunks/node_modules_next_dist_1e8vcs8._.js:791
[ 4546967ms] [LOG] [Fast Refresh] done in 64ms @ http://localhost:3000/_next/static/chunks/node_modules_next_dist_1e8vcs8._.js:791
[ 4547029ms] [LOG] [Fast Refresh] done in 64ms @ http://localhost:3000/_next/static/chunks/node_modules_next_dist_1e8vcs8._.js:791
[ 4547091ms] [LOG] [Fast Refresh] done in 64ms @ http://localhost:3000/_next/static/chunks/node_modules_next_dist_1e8vcs8._.js:791
[ 4547153ms] [LOG] [Fast Refresh] done in 64ms @ http://localhost:3000/_next/static/chunks/node_modules_next_dist_1e8vcs8._.js:791
[ 4547213ms] [LOG] [Fast Refresh] done in 64ms @ http://localhost:3000/_next/static/chunks/node_modules_next_dist_1e8vcs8._.js:791
[ 4547274ms] [LOG] [Fast Refresh] done in 64ms @ http://localhost:3000/_next/static/chunks/node_modules_next_dist_1e8vcs8._.js:791
[ 4547322ms] [LOG] [Fast Refresh] done in 64ms @ http://localhost:3000/_next/static/chunks/node_modules_next_dist_1e8vcs8._.js:791
[ 4547385ms] [LOG] [Fast Refresh] done in 64ms @ http://localhost:3000/_next/static/chunks/node_modules_next_dist_1e8vcs8._.js:791
[ 4547446ms] [LOG] [Fast Refresh] done in 64ms @ http://localhost:3000/_next/static/chunks/node_modules_next_dist_1e8vcs8._.js:791
[ 4547508ms] [LOG] [Fast Refresh] done in 64ms @ http://localhost:3000/_next/static/chunks/node_modules_next_dist_1e8vcs8._.js:791
[ 4547570ms] [LOG] [Fast Refresh] done in 64ms @ http://localhost:3000/_next/static/chunks/node_modules_next_dist_1e8vcs8._.js:791
[ 4547632ms] [LOG] [Fast Refresh] done in 64ms @ http://localhost:3000/_next/static/chunks/node_modules_next_dist_1e8vcs8._.js:791
[ 4547694ms] [LOG] [Fast Refresh] done in 64ms @ http://localhost:3000/_next/static/chunks/node_modules_next_dist_1e8vcs8._.js:791
[ 4547757ms] [LOG] [Fast Refresh] done in 64ms @ http://localhost:3000/_next/static/chunks/node_modules_next_dist_1e8vcs8._.js:791
[ 4547819ms] [LOG] [Fast Refresh] done in 64ms @ http://localhost:3000/_next/static/chunks/node_modules_next_dist_1e8vcs8._.js:791
[ 4547882ms] [LOG] [Fast Refresh] done in 64ms @ http://localhost:3000/_next/static/chunks/node_modules_next_dist_1e8vcs8._.js:791
[ 4547943ms] [LOG] [Fast Refresh] done in 64ms @ http://localhost:3000/_next/static/chunks/node_modules_next_dist_1e8vcs8._.js:791
[ 4548005ms] [LOG] [Fast Refresh] done in 64ms @ http://localhost:3000/_next/static/chunks/node_modules_next_dist_1e8vcs8._.js:791
[ 4548063ms] [LOG] [Fast Refresh] done in 64ms @ http://localhost:3000/_next/static/chunks/node_modules_next_dist_1e8vcs8._.js:791
[ 4548127ms] [LOG] [Fast Refresh] done in 64ms @ http://localhost:3000/_next/static/chunks/node_modules_next_dist_1e8vcs8._.js:791
[ 4548188ms] [LOG] [Fast Refresh] done in 64ms @ http://localhost:3000/_next/static/chunks/node_modules_next_dist_1e8vcs8._.js:791
[ 4548249ms] [LOG] [Fast Refresh] done in 64ms @ http://localhost:3000/_next/static/chunks/node_modules_next_dist_1e8vcs8._.js:791
[ 4548311ms] [LOG] [Fast Refresh] done in 64ms @ http://localhost:3000/_next/static/chunks/node_modules_next_dist_1e8vcs8._.js:791
[ 4548372ms] [LOG] [Fast Refresh] done in 64ms @ http://localhost:3000/_next/static/chunks/node_modules_next_dist_1e8vcs8._.js:791
[ 4548435ms] [LOG] [Fast Refresh] done in 64ms @ http://localhost:3000/_next/static/chunks/node_modules_next_dist_1e8vcs8._.js:791
[ 4548498ms] [LOG] [Fast Refresh] done in 64ms @ http://localhost:3000/_next/static/chunks/node_modules_next_dist_1e8vcs8._.js:791
[ 4548562ms] [LOG] [Fast Refresh] done in 64ms @ http://localhost:3000/_next/static/chunks/node_modules_next_dist_1e8vcs8._.js:791
[ 4548624ms] [LOG] [Fast Refresh] done in 64ms @ http://localhost:3000/_next/static/chunks/node_modules_next_dist_1e8vcs8._.js:791
[ 4548685ms] [LOG] [Fast Refresh] done in 64ms @ http://localhost:3000/_next/static/chunks/node_modules_next_dist_1e8vcs8._.js:791
[ 4548747ms] [LOG] [Fast Refresh] done in 64ms @ http://localhost:3000/_next/static/chunks/node_modules_next_dist_1e8vcs8._.js:791
[ 4548808ms] [LOG] [Fast Refresh] done in 64ms @ http://localhost:3000/_next/static/chunks/node_modules_next_dist_1e8vcs8._.js:791
[ 4548872ms] [LOG] [Fast Refresh] done in 64ms @ http://localhost:3000/_next/static/chunks/node_modules_next_dist_1e8vcs8._.js:791
[ 4548934ms] [LOG] [Fast Refresh] done in 64ms @ http://localhost:3000/_next/static/chunks/node_modules_next_dist_1e8vcs8._.js:791
[ 4548993ms] [LOG] [Fast Refresh] done in 64ms @ http://localhost:3000/_next/static/chunks/node_modules_next_dist_1e8vcs8._.js:791
[ 4549054ms] [LOG] [Fast Refresh] done in 64ms @ http://localhost:3000/_next/static/chunks/node_modules_next_dist_1e8vcs8._.js:791
[ 4549116ms] [LOG] [Fast Refresh] done in 64ms @ http://localhost:3000/_next/static/chunks/node_modules_next_dist_1e8vcs8._.js:791
[ 4549178ms] [LOG] [Fast Refresh] done in 64ms @ http://localhost:3000/_next/static/chunks/node_modules_next_dist_1e8vcs8._.js:791
[ 4549240ms] [LOG] [Fast Refresh] done in 64ms @ http://localhost:3000/_next/static/chunks/node_modules_next_dist_1e8vcs8._.js:791
[ 4549302ms] [LOG] [Fast Refresh] done in 64ms @ http://localhost:3000/_next/static/chunks/node_modules_next_dist_1e8vcs8._.js:791
[ 4549362ms] [LOG] [Fast Refresh] done in 64ms @ http://localhost:3000/_next/static/chunks/node_modules_next_dist_1e8vcs8._.js:791
[ 4549424ms] [LOG] [Fast Refresh] done in 64ms @ http://localhost:3000/_next/static/chunks/node_modules_next_dist_1e8vcs8._.js:791
[ 4549484ms] [LOG] [Fast Refresh] done in 64ms @ http://localhost:3000/_next/static/chunks/node_modules_next_dist_1e8vcs8._.js:791
[ 4549545ms] [LOG] [Fast Refresh] done in 64ms @ http://localhost:3000/_next/static/chunks/node_modules_next_dist_1e8vcs8._.js:791
[ 4549606ms] [LOG] [Fast Refresh] done in 64ms @ http://localhost:3000/_next/static/chunks/node_modules_next_dist_1e8vcs8._.js:791
[ 4549668ms] [LOG] [Fast Refresh] done in 64ms @ http://localhost:3000/_next/static/chunks/node_modules_next_dist_1e8vcs8._.js:791
[ 4549729ms] [LOG] [Fast Refresh] done in 64ms @ http://localhost:3000/_next/static/chunks/node_modules_next_dist_1e8vcs8._.js:791
[ 4549792ms] [LOG] [Fast Refresh] done in 64ms @ http://localhost:3000/_next/static/chunks/node_modules_next_dist_1e8vcs8._.js:791
[ 4549853ms] [LOG] [Fast Refresh] done in 64ms @ http://localhost:3000/_next/static/chunks/node_modules_next_dist_1e8vcs8._.js:791
[ 4549903ms] [LOG] [Fast Refresh] done in 64ms @ http://localhost:3000/_next/static/chunks/node_modules_next_dist_1e8vcs8._.js:791
[ 4549961ms] [LOG] [Fast Refresh] done in 64ms @ http://localhost:3000/_next/static/chunks/node_modules_next_dist_1e8vcs8._.js:791
[ 4550023ms] [LOG] [Fast Refresh] done in 64ms @ http://localhost:3000/_next/static/chunks/node_modules_next_dist_1e8vcs8._.js:791
[ 4550085ms] [LOG] [Fast Refresh] done in 64ms @ http://localhost:3000/_next/static/chunks/node_modules_next_dist_1e8vcs8._.js:791
[ 4550148ms] [LOG] [Fast Refresh] done in 64ms @ http://localhost:3000/_next/static/chunks/node_modules_next_dist_1e8vcs8._.js:791
[ 4550210ms] [LOG] [Fast Refresh] done in 64ms @ http://localhost:3000/_next/static/chunks/node_modules_next_dist_1e8vcs8._.js:791
[ 4550272ms] [LOG] [Fast Refresh] done in 64ms @ http://localhost:3000/_next/static/chunks/node_modules_next_dist_1e8vcs8._.js:791
[ 4550334ms] [LOG] [Fast Refresh] done in 64ms @ http://localhost:3000/_next/static/chunks/node_modules_next_dist_1e8vcs8._.js:791
[ 4550395ms] [LOG] [Fast Refresh] done in 64ms @ http://localhost:3000/_next/static/chunks/node_modules_next_dist_1e8vcs8._.js:791
[ 4550458ms] [LOG] [Fast Refresh] done in 64ms @ http://localhost:3000/_next/static/chunks/node_modules_next_dist_1e8vcs8._.js:791
[ 4550519ms] [LOG] [Fast Refresh] done in 64ms @ http://localhost:3000/_next/static/chunks/node_modules_next_dist_1e8vcs8._.js:791
[ 4550581ms] [LOG] [Fast Refresh] done in 64ms @ http://localhost:3000/_next/static/chunks/node_modules_next_dist_1e8vcs8._.js:791
[ 4550644ms] [LOG] [Fast Refresh] done in 64ms @ http://localhost:3000/_next/static/chunks/node_modules_next_dist_1e8vcs8._.js:791
[ 4550706ms] [LOG] [Fast Refresh] done in 64ms @ http://localhost:3000/_next/static/chunks/node_modules_next_dist_1e8vcs8._.js:791
[ 4550767ms] [LOG] [Fast Refresh] done in 64ms @ http://localhost:3000/_next/static/chunks/node_modules_next_dist_1e8vcs8._.js:791
[ 4550828ms] [LOG] [Fast Refresh] done in 64ms @ http://localhost:3000/_next/static/chunks/node_modules_next_dist_1e8vcs8._.js:791
[ 4550891ms] [LOG] [Fast Refresh] done in 64ms @ http://localhost:3000/_next/static/chunks/node_modules_next_dist_1e8vcs8._.js:791
[ 4550953ms] [LOG] [Fast Refresh] done in 64ms @ http://localhost:3000/_next/static/chunks/node_modules_next_dist_1e8vcs8._.js:791
[ 4551016ms] [LOG] [Fast Refresh] done in 64ms @ http://localhost:3000/_next/static/chunks/node_modules_next_dist_1e8vcs8._.js:791
[ 4551078ms] [LOG] [Fast Refresh] done in 64ms @ http://localhost:3000/_next/static/chunks/node_modules_next_dist_1e8vcs8._.js:791
[ 4551140ms] [LOG] [Fast Refresh] done in 64ms @ http://localhost:3000/_next/static/chunks/node_modules_next_dist_1e8vcs8._.js:791
[ 4551199ms] [LOG] [Fast Refresh] done in 64ms @ http://localhost:3000/_next/static/chunks/node_modules_next_dist_1e8vcs8._.js:791
[ 4551262ms] [LOG] [Fast Refresh] done in 64ms @ http://localhost:3000/_next/static/chunks/node_modules_next_dist_1e8vcs8._.js:791
[ 4551324ms] [LOG] [Fast Refresh] done in 64ms @ http://localhost:3000/_next/static/chunks/node_modules_next_dist_1e8vcs8._.js:791
[ 4551377ms] [LOG] [Fast Refresh] done in 64ms @ http://localhost:3000/_next/static/chunks/node_modules_next_dist_1e8vcs8._.js:791
[ 4551439ms] [LOG] [Fast Refresh] done in 64ms @ http://localhost:3000/_next/static/chunks/node_modules_next_dist_1e8vcs8._.js:791
[ 4551499ms] [LOG] [Fast Refresh] done in 64ms @ http://localhost:3000/_next/static/chunks/node_modules_next_dist_1e8vcs8._.js:791
[ 4551561ms] [LOG] [Fast Refresh] done in 64ms @ http://localhost:3000/_next/static/chunks/node_modules_next_dist_1e8vcs8._.js:791
[ 4551621ms] [LOG] [Fast Refresh] done in 64ms @ http://localhost:3000/_next/static/chunks/node_modules_next_dist_1e8vcs8._.js:791
[ 4551682ms] [LOG] [Fast Refresh] done in 64ms @ http://localhost:3000/_next/static/chunks/node_modules_next_dist_1e8vcs8._.js:791
[ 4551742ms] [LOG] [Fast Refresh] done in 64ms @ http://localhost:3000/_next/static/chunks/node_modules_next_dist_1e8vcs8._.js:791
[ 4551804ms] [LOG] [Fast Refresh] done in 64ms @ http://localhost:3000/_next/static/chunks/node_modules_next_dist_1e8vcs8._.js:791
[ 4551865ms] [LOG] [Fast Refresh] done in 64ms @ http://localhost:3000/_next/static/chunks/node_modules_next_dist_1e8vcs8._.js:791
[ 4551926ms] [LOG] [Fast Refresh] done in 64ms @ http://localhost:3000/_next/static/chunks/node_modules_next_dist_1e8vcs8._.js:791
[ 4551990ms] [LOG] [Fast Refresh] done in 64ms @ http://localhost:3000/_next/static/chunks/node_modules_next_dist_1e8vcs8._.js:791
[ 4552052ms] [LOG] [Fast Refresh] done in 64ms @ http://localhost:3000/_next/static/chunks/node_modules_next_dist_1e8vcs8._.js:791
[ 4552115ms] [LOG] [Fast Refresh] done in 64ms @ http://localhost:3000/_next/static/chunks/node_modules_next_dist_1e8vcs8._.js:791
[ 4552177ms] [LOG] [Fast Refresh] done in 64ms @ http://localhost:3000/_next/static/chunks/node_modules_next_dist_1e8vcs8._.js:791
[ 4552239ms] [LOG] [Fast Refresh] done in 64ms @ http://localhost:3000/_next/static/chunks/node_modules_next_dist_1e8vcs8._.js:791
[ 4552300ms] [LOG] [Fast Refresh] done in 64ms @ http://localhost:3000/_next/static/chunks/node_modules_next_dist_1e8vcs8._.js:791
[ 4552361ms] [LOG] [Fast Refresh] done in 64ms @ http://localhost:3000/_next/static/chunks/node_modules_next_dist_1e8vcs8._.js:791
[ 4552424ms] [LOG] [Fast Refresh] done in 64ms @ http://localhost:3000/_next/static/chunks/node_modules_next_dist_1e8vcs8._.js:791
[ 4552484ms] [LOG] [Fast Refresh] done in 64ms @ http://localhost:3000/_next/static/chunks/node_modules_next_dist_1e8vcs8._.js:791
[ 4552547ms] [LOG] [Fast Refresh] done in 64ms @ http://localhost:3000/_next/static/chunks/node_modules_next_dist_1e8vcs8._.js:791
[ 4552609ms] [LOG] [Fast Refresh] done in 64ms @ http://localhost:3000/_next/static/chunks/node_modules_next_dist_1e8vcs8._.js:791
[ 4552670ms] [LOG] [Fast Refresh] done in 64ms @ http://localhost:3000/_next/static/chunks/node_modules_next_dist_1e8vcs8._.js:791
[ 4552731ms] [LOG] [Fast Refresh] done in 64ms @ http://localhost:3000/_next/static/chunks/node_modules_next_dist_1e8vcs8._.js:791
[ 4552794ms] [LOG] [Fast Refresh] done in 64ms @ http://localhost:3000/_next/static/chunks/node_modules_next_dist_1e8vcs8._.js:791
[ 4552858ms] [LOG] [Fast Refresh] done in 64ms @ http://localhost:3000/_next/static/chunks/node_modules_next_dist_1e8vcs8._.js:791
[ 4552919ms] [LOG] [Fast Refresh] done in 64ms @ http://localhost:3000/_next/static/chunks/node_modules_next_dist_1e8vcs8._.js:791
[ 4552983ms] [LOG] [Fast Refresh] done in 64ms @ http://localhost:3000/_next/static/chunks/node_modules_next_dist_1e8vcs8._.js:791
[ 4553046ms] [LOG] [Fast Refresh] done in 64ms @ http://localhost:3000/_next/static/chunks/node_modules_next_dist_1e8vcs8._.js:791
[ 4553108ms] [LOG] [Fast Refresh] done in 64ms @ http://localhost:3000/_next/static/chunks/node_modules_next_dist_1e8vcs8._.js:791
[ 4553171ms] [LOG] [Fast Refresh] done in 64ms @ http://localhost:3000/_next/static/chunks/node_modules_next_dist_1e8vcs8._.js:791
[ 4553224ms] [LOG] [Fast Refresh] done in 64ms @ http://localhost:3000/_next/static/chunks/node_modules_next_dist_1e8vcs8._.js:791
[ 4553276ms] [LOG] [Fast Refresh] done in 64ms @ http://localhost:3000/_next/static/chunks/node_modules_next_dist_1e8vcs8._.js:791
[ 4553338ms] [LOG] [Fast Refresh] done in 64ms @ http://localhost:3000/_next/static/chunks/node_modules_next_dist_1e8vcs8._.js:791
[ 4553399ms] [LOG] [Fast Refresh] done in 64ms @ http://localhost:3000/_next/static/chunks/node_modules_next_dist_1e8vcs8._.js:791
[ 4553460ms] [LOG] [Fast Refresh] done in 64ms @ http://localhost:3000/_next/static/chunks/node_modules_next_dist_1e8vcs8._.js:791
[ 4553523ms] [LOG] [Fast Refresh] done in 64ms @ http://localhost:3000/_next/static/chunks/node_modules_next_dist_1e8vcs8._.js:791
[ 4553571ms] [LOG] [Fast Refresh] done in 64ms @ http://localhost:3000/_next/static/chunks/node_modules_next_dist_1e8vcs8._.js:791
[ 4553634ms] [LOG] [Fast Refresh] done in 64ms @ http://localhost:3000/_next/static/chunks/node_modules_next_dist_1e8vcs8._.js:791
[ 4553695ms] [LOG] [Fast Refresh] done in 64ms @ http://localhost:3000/_next/static/chunks/node_modules_next_dist_1e8vcs8._.js:791
[ 4553757ms] [LOG] [Fast Refresh] done in 64ms @ http://localhost:3000/_next/static/chunks/node_modules_next_dist_1e8vcs8._.js:791
[ 4553820ms] [LOG] [Fast Refresh] done in 64ms @ http://localhost:3000/_next/static/chunks/node_modules_next_dist_1e8vcs8._.js:791
[ 4553883ms] [LOG] [Fast Refresh] done in 64ms @ http://localhost:3000/_next/static/chunks/node_modules_next_dist_1e8vcs8._.js:791
[ 4553944ms] [LOG] [Fast Refresh] done in 64ms @ http://localhost:3000/_next/static/chunks/node_modules_next_dist_1e8vcs8._.js:791
[ 4554006ms] [LOG] [Fast Refresh] done in 64ms @ http://localhost:3000/_next/static/chunks/node_modules_next_dist_1e8vcs8._.js:791
[ 4554067ms] [LOG] [Fast Refresh] done in 64ms @ http://localhost:3000/_next/static/chunks/node_modules_next_dist_1e8vcs8._.js:791
[ 4554130ms] [LOG] [Fast Refresh] done in 64ms @ http://localhost:3000/_next/static/chunks/node_modules_next_dist_1e8vcs8._.js:791
[ 4554179ms] [LOG] [Fast Refresh] done in 64ms @ http://localhost:3000/_next/static/chunks/node_modules_next_dist_1e8vcs8._.js:791
[ 4554242ms] [LOG] [Fast Refresh] done in 64ms @ http://localhost:3000/_next/static/chunks/node_modules_next_dist_1e8vcs8._.js:791
[ 4554303ms] [LOG] [Fast Refresh] done in 64ms @ http://localhost:3000/_next/static/chunks/node_modules_next_dist_1e8vcs8._.js:791
[ 4554350ms] [LOG] [Fast Refresh] done in 64ms @ http://localhost:3000/_next/static/chunks/node_modules_next_dist_1e8vcs8._.js:791
[ 4554410ms] [LOG] [Fast Refresh] done in 64ms @ http://localhost:3000/_next/static/chunks/node_modules_next_dist_1e8vcs8._.js:791
[ 4554471ms] [LOG] [Fast Refresh] done in 64ms @ http://localhost:3000/_next/static/chunks/node_modules_next_dist_1e8vcs8._.js:791
[ 4554533ms] [LOG] [Fast Refresh] done in 64ms @ http://localhost:3000/_next/static/chunks/node_modules_next_dist_1e8vcs8._.js:791
[ 4554595ms] [LOG] [Fast Refresh] done in 64ms @ http://localhost:3000/_next/static/chunks/node_modules_next_dist_1e8vcs8._.js:791
[ 4554659ms] [LOG] [Fast Refresh] done in 64ms @ http://localhost:3000/_next/static/chunks/node_modules_next_dist_1e8vcs8._.js:791
[ 4554720ms] [LOG] [Fast Refresh] done in 64ms @ http://localhost:3000/_next/static/chunks/node_modules_next_dist_1e8vcs8._.js:791
[ 4554782ms] [LOG] [Fast Refresh] done in 64ms @ http://localhost:3000/_next/static/chunks/node_modules_next_dist_1e8vcs8._.js:791
[ 4554844ms] [LOG] [Fast Refresh] done in 64ms @ http://localhost:3000/_next/static/chunks/node_modules_next_dist_1e8vcs8._.js:791
[ 4554907ms] [LOG] [Fast Refresh] done in 64ms @ http://localhost:3000/_next/static/chunks/node_modules_next_dist_1e8vcs8._.js:791
[ 4554955ms] [LOG] [Fast Refresh] done in 64ms @ http://localhost:3000/_next/static/chunks/node_modules_next_dist_1e8vcs8._.js:791
[ 4555017ms] [LOG] [Fast Refresh] done in 64ms @ http://localhost:3000/_next/static/chunks/node_modules_next_dist_1e8vcs8._.js:791
[ 4555079ms] [LOG] [Fast Refresh] done in 64ms @ http://localhost:3000/_next/static/chunks/node_modules_next_dist_1e8vcs8._.js:791
[ 4555142ms] [LOG] [Fast Refresh] done in 64ms @ http://localhost:3000/_next/static/chunks/node_modules_next_dist_1e8vcs8._.js:791
[ 4555192ms] [LOG] [Fast Refresh] done in 64ms @ http://localhost:3000/_next/static/chunks/node_modules_next_dist_1e8vcs8._.js:791
[ 4555245ms] [LOG] [Fast Refresh] done in 64ms @ http://localhost:3000/_next/static/chunks/node_modules_next_dist_1e8vcs8._.js:791
[ 4555294ms] [LOG] [Fast Refresh] done in 64ms @ http://localhost:3000/_next/static/chunks/node_modules_next_dist_1e8vcs8._.js:791
[ 4555356ms] [LOG] [Fast Refresh] done in 64ms @ http://localhost:3000/_next/static/chunks/node_modules_next_dist_1e8vcs8._.js:791
[ 4555418ms] [LOG] [Fast Refresh] done in 64ms @ http://localhost:3000/_next/static/chunks/node_modules_next_dist_1e8vcs8._.js:791
[ 4555481ms] [LOG] [Fast Refresh] done in 64ms @ http://localhost:3000/_next/static/chunks/node_modules_next_dist_1e8vcs8._.js:791
[ 4555543ms] [LOG] [Fast Refresh] done in 64ms @ http://localhost:3000/_next/static/chunks/node_modules_next_dist_1e8vcs8._.js:791
[ 4555604ms] [LOG] [Fast Refresh] done in 64ms @ http://localhost:3000/_next/static/chunks/node_modules_next_dist_1e8vcs8._.js:791
[ 4555667ms] [LOG] [Fast Refresh] done in 64ms @ http://localhost:3000/_next/static/chunks/node_modules_next_dist_1e8vcs8._.js:791
[ 4555728ms] [LOG] [Fast Refresh] done in 64ms @ http://localhost:3000/_next/static/chunks/node_modules_next_dist_1e8vcs8._.js:791
[ 4555791ms] [LOG] [Fast Refresh] done in 64ms @ http://localhost:3000/_next/static/chunks/node_modules_next_dist_1e8vcs8._.js:791
[ 4555853ms] [LOG] [Fast Refresh] done in 64ms @ http://localhost:3000/_next/static/chunks/node_modules_next_dist_1e8vcs8._.js:791
[ 4555907ms] [LOG] [Fast Refresh] done in 64ms @ http://localhost:3000/_next/static/chunks/node_modules_next_dist_1e8vcs8._.js:791
[ 4555969ms] [LOG] [Fast Refresh] done in 64ms @ http://localhost:3000/_next/static/chunks/node_modules_next_dist_1e8vcs8._.js:791
[ 4556032ms] [LOG] [Fast Refresh] done in 64ms @ http://localhost:3000/_next/static/chunks/node_modules_next_dist_1e8vcs8._.js:791
[ 4556094ms] [LOG] [Fast Refresh] done in 64ms @ http://localhost:3000/_next/static/chunks/node_modules_next_dist_1e8vcs8._.js:791
[ 4556156ms] [LOG] [Fast Refresh] done in 64ms @ http://localhost:3000/_next/static/chunks/node_modules_next_dist_1e8vcs8._.js:791
[ 4556218ms] [LOG] [Fast Refresh] done in 64ms @ http://localhost:3000/_next/static/chunks/node_modules_next_dist_1e8vcs8._.js:791
[ 4556282ms] [LOG] [Fast Refresh] done in 64ms @ http://localhost:3000/_next/static/chunks/node_modules_next_dist_1e8vcs8._.js:791
[ 4556342ms] [LOG] [Fast Refresh] done in 64ms @ http://localhost:3000/_next/static/chunks/node_modules_next_dist_1e8vcs8._.js:791
[ 4556391ms] [LOG] [Fast Refresh] done in 64ms @ http://localhost:3000/_next/static/chunks/node_modules_next_dist_1e8vcs8._.js:791
[ 4556454ms] [LOG] [Fast Refresh] done in 64ms @ http://localhost:3000/_next/static/chunks/node_modules_next_dist_1e8vcs8._.js:791
[ 4556515ms] [LOG] [Fast Refresh] done in 64ms @ http://localhost:3000/_next/static/chunks/node_modules_next_dist_1e8vcs8._.js:791
[ 4556576ms] [LOG] [Fast Refresh] done in 64ms @ http://localhost:3000/_next/static/chunks/node_modules_next_dist_1e8vcs8._.js:791
[ 4556638ms] [LOG] [Fast Refresh] done in 64ms @ http://localhost:3000/_next/static/chunks/node_modules_next_dist_1e8vcs8._.js:791
[ 4556686ms] [LOG] [Fast Refresh] done in 64ms @ http://localhost:3000/_next/static/chunks/node_modules_next_dist_1e8vcs8._.js:791
[ 4556748ms] [LOG] [Fast Refresh] done in 64ms @ http://localhost:3000/_next/static/chunks/node_modules_next_dist_1e8vcs8._.js:791
[ 4556812ms] [LOG] [Fast Refresh] done in 64ms @ http://localhost:3000/_next/static/chunks/node_modules_next_dist_1e8vcs8._.js:791
[ 4556874ms] [LOG] [Fast Refresh] done in 64ms @ http://localhost:3000/_next/static/chunks/node_modules_next_dist_1e8vcs8._.js:791
[ 4556935ms] [LOG] [Fast Refresh] done in 64ms @ http://localhost:3000/_next/static/chunks/node_modules_next_dist_1e8vcs8._.js:791
[ 4557003ms] [LOG] [Fast Refresh] done in 64ms @ http://localhost:3000/_next/static/chunks/node_modules_next_dist_1e8vcs8._.js:791
[ 4557067ms] [LOG] [Fast Refresh] done in 64ms @ http://localhost:3000/_next/static/chunks/node_modules_next_dist_1e8vcs8._.js:791
[ 4557129ms] [LOG] [Fast Refresh] done in 64ms @ http://localhost:3000/_next/static/chunks/node_modules_next_dist_1e8vcs8._.js:791
[ 4557190ms] [LOG] [Fast Refresh] done in 64ms @ http://localhost:3000/_next/static/chunks/node_modules_next_dist_1e8vcs8._.js:791
[ 4557253ms] [LOG] [Fast Refresh] done in 64ms @ http://localhost:3000/_next/static/chunks/node_modules_next_dist_1e8vcs8._.js:791
[ 4557315ms] [LOG] [Fast Refresh] done in 64ms @ http://localhost:3000/_next/static/chunks/node_modules_next_dist_1e8vcs8._.js:791
[ 4557378ms] [LOG] [Fast Refresh] done in 64ms @ http://localhost:3000/_next/static/chunks/node_modules_next_dist_1e8vcs8._.js:791
[ 4557440ms] [LOG] [Fast Refresh] done in 64ms @ http://localhost:3000/_next/static/chunks/node_modules_next_dist_1e8vcs8._.js:791
[ 4557502ms] [LOG] [Fast Refresh] done in 64ms @ http://localhost:3000/_next/static/chunks/node_modules_next_dist_1e8vcs8._.js:791
[ 4557563ms] [LOG] [Fast Refresh] done in 64ms @ http://localhost:3000/_next/static/chunks/node_modules_next_dist_1e8vcs8._.js:791
[ 4557623ms] [LOG] [Fast Refresh] done in 64ms @ http://localhost:3000/_next/static/chunks/node_modules_next_dist_1e8vcs8._.js:791
[ 4557685ms] [LOG] [Fast Refresh] done in 64ms @ http://localhost:3000/_next/static/chunks/node_modules_next_dist_1e8vcs8._.js:791
[ 4557747ms] [LOG] [Fast Refresh] done in 64ms @ http://localhost:3000/_next/static/chunks/node_modules_next_dist_1e8vcs8._.js:791
[ 4557808ms] [LOG] [Fast Refresh] done in 64ms @ http://localhost:3000/_next/static/chunks/node_modules_next_dist_1e8vcs8._.js:791
[ 4557868ms] [LOG] [Fast Refresh] done in 64ms @ http://localhost:3000/_next/static/chunks/node_modules_next_dist_1e8vcs8._.js:791
[ 4557930ms] [LOG] [Fast Refresh] done in 64ms @ http://localhost:3000/_next/static/chunks/node_modules_next_dist_1e8vcs8._.js:791
[ 4557992ms] [LOG] [Fast Refresh] done in 64ms @ http://localhost:3000/_next/static/chunks/node_modules_next_dist_1e8vcs8._.js:791
[ 4558054ms] [LOG] [Fast Refresh] done in 64ms @ http://localhost:3000/_next/static/chunks/node_modules_next_dist_1e8vcs8._.js:791
[ 4558115ms] [LOG] [Fast Refresh] done in 64ms @ http://localhost:3000/_next/static/chunks/node_modules_next_dist_1e8vcs8._.js:791
[ 4558178ms] [LOG] [Fast Refresh] done in 64ms @ http://localhost:3000/_next/static/chunks/node_modules_next_dist_1e8vcs8._.js:791
[ 4558241ms] [LOG] [Fast Refresh] done in 64ms @ http://localhost:3000/_next/static/chunks/node_modules_next_dist_1e8vcs8._.js:791
[ 4558289ms] [LOG] [Fast Refresh] done in 64ms @ http://localhost:3000/_next/static/chunks/node_modules_next_dist_1e8vcs8._.js:791
[ 4558352ms] [LOG] [Fast Refresh] done in 64ms @ http://localhost:3000/_next/static/chunks/node_modules_next_dist_1e8vcs8._.js:791
[ 4558414ms] [LOG] [Fast Refresh] done in 64ms @ http://localhost:3000/_next/static/chunks/node_modules_next_dist_1e8vcs8._.js:791
[ 4558476ms] [LOG] [Fast Refresh] done in 64ms @ http://localhost:3000/_next/static/chunks/node_modules_next_dist_1e8vcs8._.js:791
[ 4558538ms] [LOG] [Fast Refresh] done in 64ms @ http://localhost:3000/_next/static/chunks/node_modules_next_dist_1e8vcs8._.js:791
[ 4558601ms] [LOG] [Fast Refresh] done in 64ms @ http://localhost:3000/_next/static/chunks/node_modules_next_dist_1e8vcs8._.js:791
[ 4558664ms] [LOG] [Fast Refresh] done in 64ms @ http://localhost:3000/_next/static/chunks/node_modules_next_dist_1e8vcs8._.js:791
[ 4558727ms] [LOG] [Fast Refresh] done in 64ms @ http://localhost:3000/_next/static/chunks/node_modules_next_dist_1e8vcs8._.js:791
[ 4558789ms] [LOG] [Fast Refresh] done in 64ms @ http://localhost:3000/_next/static/chunks/node_modules_next_dist_1e8vcs8._.js:791
[ 4558852ms] [LOG] [Fast Refresh] done in 64ms @ http://localhost:3000/_next/static/chunks/node_modules_next_dist_1e8vcs8._.js:791
[ 4558915ms] [LOG] [Fast Refresh] done in 64ms @ http://localhost:3000/_next/static/chunks/node_modules_next_dist_1e8vcs8._.js:791
[ 4558977ms] [LOG] [Fast Refresh] done in 64ms @ http://localhost:3000/_next/static/chunks/node_modules_next_dist_1e8vcs8._.js:791
[ 4559039ms] [LOG] [Fast Refresh] done in 64ms @ http://localhost:3000/_next/static/chunks/node_modules_next_dist_1e8vcs8._.js:791
[ 4559090ms] [LOG] [Fast Refresh] done in 64ms @ http://localhost:3000/_next/static/chunks/node_modules_next_dist_1e8vcs8._.js:791
[ 4559152ms] [LOG] [Fast Refresh] done in 64ms @ http://localhost:3000/_next/static/chunks/node_modules_next_dist_1e8vcs8._.js:791
[ 4559214ms] [LOG] [Fast Refresh] done in 64ms @ http://localhost:3000/_next/static/chunks/node_modules_next_dist_1e8vcs8._.js:791
[ 4559276ms] [LOG] [Fast Refresh] done in 64ms @ http://localhost:3000/_next/static/chunks/node_modules_next_dist_1e8vcs8._.js:791
[ 4559338ms] [LOG] [Fast Refresh] done in 64ms @ http://localhost:3000/_next/static/chunks/node_modules_next_dist_1e8vcs8._.js:791
[ 4559399ms] [LOG] [Fast Refresh] done in 64ms @ http://localhost:3000/_next/static/chunks/node_modules_next_dist_1e8vcs8._.js:791
[ 4559461ms] [LOG] [Fast Refresh] done in 64ms @ http://localhost:3000/_next/static/chunks/node_modules_next_dist_1e8vcs8._.js:791
[ 4559524ms] [LOG] [Fast Refresh] done in 64ms @ http://localhost:3000/_next/static/chunks/node_modules_next_dist_1e8vcs8._.js:791
[ 4559587ms] [LOG] [Fast Refresh] done in 64ms @ http://localhost:3000/_next/static/chunks/node_modules_next_dist_1e8vcs8._.js:791
[ 4559650ms] [LOG] [Fast Refresh] done in 64ms @ http://localhost:3000/_next/static/chunks/node_modules_next_dist_1e8vcs8._.js:791
[ 4559713ms] [LOG] [Fast Refresh] done in 64ms @ http://localhost:3000/_next/static/chunks/node_modules_next_dist_1e8vcs8._.js:791
[ 4559775ms] [LOG] [Fast Refresh] done in 64ms @ http://localhost:3000/_next/static/chunks/node_modules_next_dist_1e8vcs8._.js:791
[ 4559837ms] [LOG] [Fast Refresh] done in 64ms @ http://localhost:3000/_next/static/chunks/node_modules_next_dist_1e8vcs8._.js:791
[ 4559896ms] [LOG] [Fast Refresh] done in 64ms @ http://localhost:3000/_next/static/chunks/node_modules_next_dist_1e8vcs8._.js:791
[ 4559957ms] [LOG] [Fast Refresh] done in 64ms @ http://localhost:3000/_next/static/chunks/node_modules_next_dist_1e8vcs8._.js:791
[ 4560020ms] [LOG] [Fast Refresh] done in 64ms @ http://localhost:3000/_next/static/chunks/node_modules_next_dist_1e8vcs8._.js:791
[ 4560082ms] [LOG] [Fast Refresh] done in 64ms @ http://localhost:3000/_next/static/chunks/node_modules_next_dist_1e8vcs8._.js:791
[ 4560144ms] [LOG] [Fast Refresh] done in 64ms @ http://localhost:3000/_next/static/chunks/node_modules_next_dist_1e8vcs8._.js:791
[ 4560206ms] [LOG] [Fast Refresh] done in 64ms @ http://localhost:3000/_next/static/chunks/node_modules_next_dist_1e8vcs8._.js:791
[ 4560267ms] [LOG] [Fast Refresh] done in 64ms @ http://localhost:3000/_next/static/chunks/node_modules_next_dist_1e8vcs8._.js:791
[ 4560329ms] [LOG] [Fast Refresh] done in 64ms @ http://localhost:3000/_next/static/chunks/node_modules_next_dist_1e8vcs8._.js:791
[ 4560391ms] [LOG] [Fast Refresh] done in 64ms @ http://localhost:3000/_next/static/chunks/node_modules_next_dist_1e8vcs8._.js:791
[ 4560439ms] [LOG] [Fast Refresh] done in 64ms @ http://localhost:3000/_next/static/chunks/node_modules_next_dist_1e8vcs8._.js:791
[ 4560500ms] [LOG] [Fast Refresh] done in 64ms @ http://localhost:3000/_next/static/chunks/node_modules_next_dist_1e8vcs8._.js:791
[ 4560562ms] [LOG] [Fast Refresh] done in 64ms @ http://localhost:3000/_next/static/chunks/node_modules_next_dist_1e8vcs8._.js:791
[ 4560624ms] [LOG] [Fast Refresh] done in 64ms @ http://localhost:3000/_next/static/chunks/node_modules_next_dist_1e8vcs8._.js:791
[ 4560686ms] [LOG] [Fast Refresh] done in 64ms @ http://localhost:3000/_next/static/chunks/node_modules_next_dist_1e8vcs8._.js:791
[ 4560749ms] [LOG] [Fast Refresh] done in 64ms @ http://localhost:3000/_next/static/chunks/node_modules_next_dist_1e8vcs8._.js:791
[ 4560810ms] [LOG] [Fast Refresh] done in 64ms @ http://localhost:3000/_next/static/chunks/node_modules_next_dist_1e8vcs8._.js:791
[ 4560872ms] [LOG] [Fast Refresh] done in 64ms @ http://localhost:3000/_next/static/chunks/node_modules_next_dist_1e8vcs8._.js:791
[ 4560934ms] [LOG] [Fast Refresh] done in 64ms @ http://localhost:3000/_next/static/chunks/node_modules_next_dist_1e8vcs8._.js:791
[ 4560995ms] [LOG] [Fast Refresh] done in 64ms @ http://localhost:3000/_next/static/chunks/node_modules_next_dist_1e8vcs8._.js:791
[ 4561057ms] [LOG] [Fast Refresh] done in 64ms @ http://localhost:3000/_next/static/chunks/node_modules_next_dist_1e8vcs8._.js:791
[ 4561118ms] [LOG] [Fast Refresh] done in 64ms @ http://localhost:3000/_next/static/chunks/node_modules_next_dist_1e8vcs8._.js:791
[ 4561182ms] [LOG] [Fast Refresh] done in 64ms @ http://localhost:3000/_next/static/chunks/node_modules_next_dist_1e8vcs8._.js:791
[ 4561244ms] [LOG] [Fast Refresh] done in 64ms @ http://localhost:3000/_next/static/chunks/node_modules_next_dist_1e8vcs8._.js:791
[ 4561306ms] [LOG] [Fast Refresh] done in 64ms @ http://localhost:3000/_next/static/chunks/node_modules_next_dist_1e8vcs8._.js:791
[ 4561370ms] [LOG] [Fast Refresh] done in 64ms @ http://localhost:3000/_next/static/chunks/node_modules_next_dist_1e8vcs8._.js:791
[ 4561433ms] [LOG] [Fast Refresh] done in 64ms @ http://localhost:3000/_next/static/chunks/node_modules_next_dist_1e8vcs8._.js:791
[ 4561495ms] [LOG] [Fast Refresh] done in 64ms @ http://localhost:3000/_next/static/chunks/node_modules_next_dist_1e8vcs8._.js:791
[ 4561553ms] [LOG] [Fast Refresh] done in 64ms @ http://localhost:3000/_next/static/chunks/node_modules_next_dist_1e8vcs8._.js:791
[ 4561615ms] [LOG] [Fast Refresh] done in 64ms @ http://localhost:3000/_next/static/chunks/node_modules_next_dist_1e8vcs8._.js:791
[ 4561675ms] [LOG] [Fast Refresh] done in 64ms @ http://localhost:3000/_next/static/chunks/node_modules_next_dist_1e8vcs8._.js:791
[ 4561737ms] [LOG] [Fast Refresh] done in 64ms @ http://localhost:3000/_next/static/chunks/node_modules_next_dist_1e8vcs8._.js:791
[ 4561797ms] [LOG] [Fast Refresh] done in 64ms @ http://localhost:3000/_next/static/chunks/node_modules_next_dist_1e8vcs8._.js:791
[ 4561860ms] [LOG] [Fast Refresh] done in 64ms @ http://localhost:3000/_next/static/chunks/node_modules_next_dist_1e8vcs8._.js:791
[ 4561920ms] [LOG] [Fast Refresh] done in 64ms @ http://localhost:3000/_next/static/chunks/node_modules_next_dist_1e8vcs8._.js:791
[ 4561968ms] [LOG] [Fast Refresh] done in 64ms @ http://localhost:3000/_next/static/chunks/node_modules_next_dist_1e8vcs8._.js:791
[ 4562030ms] [LOG] [Fast Refresh] done in 64ms @ http://localhost:3000/_next/static/chunks/node_modules_next_dist_1e8vcs8._.js:791
[ 4562092ms] [LOG] [Fast Refresh] done in 64ms @ http://localhost:3000/_next/static/chunks/node_modules_next_dist_1e8vcs8._.js:791
[ 4562152ms] [LOG] [Fast Refresh] done in 64ms @ http://localhost:3000/_next/static/chunks/node_modules_next_dist_1e8vcs8._.js:791
[ 4562214ms] [LOG] [Fast Refresh] done in 64ms @ http://localhost:3000/_next/static/chunks/node_modules_next_dist_1e8vcs8._.js:791
[ 4562277ms] [LOG] [Fast Refresh] done in 64ms @ http://localhost:3000/_next/static/chunks/node_modules_next_dist_1e8vcs8._.js:791
[ 4562339ms] [LOG] [Fast Refresh] done in 64ms @ http://localhost:3000/_next/static/chunks/node_modules_next_dist_1e8vcs8._.js:791
[ 4562401ms] [LOG] [Fast Refresh] done in 64ms @ http://localhost:3000/_next/static/chunks/node_modules_next_dist_1e8vcs8._.js:791
[ 4562462ms] [LOG] [Fast Refresh] done in 64ms @ http://localhost:3000/_next/static/chunks/node_modules_next_dist_1e8vcs8._.js:791
[ 4562525ms] [LOG] [Fast Refresh] done in 64ms @ http://localhost:3000/_next/static/chunks/node_modules_next_dist_1e8vcs8._.js:791
[ 4562587ms] [LOG] [Fast Refresh] done in 64ms @ http://localhost:3000/_next/static/chunks/node_modules_next_dist_1e8vcs8._.js:791
[ 4562648ms] [LOG] [Fast Refresh] done in 64ms @ http://localhost:3000/_next/static/chunks/node_modules_next_dist_1e8vcs8._.js:791
[ 4562710ms] [LOG] [Fast Refresh] done in 64ms @ http://localhost:3000/_next/static/chunks/node_modules_next_dist_1e8vcs8._.js:791
[ 4562796ms] [LOG] [Fast Refresh] done in 64ms @ http://localhost:3000/_next/static/chunks/node_modules_next_dist_1e8vcs8._.js:791
[ 4562868ms] [LOG] [Fast Refresh] done in 64ms @ http://localhost:3000/_next/static/chunks/node_modules_next_dist_1e8vcs8._.js:791
[ 4562930ms] [LOG] [Fast Refresh] done in 64ms @ http://localhost:3000/_next/static/chunks/node_modules_next_dist_1e8vcs8._.js:791
[ 4562992ms] [LOG] [Fast Refresh] done in 64ms @ http://localhost:3000/_next/static/chunks/node_modules_next_dist_1e8vcs8._.js:791
[ 4563055ms] [LOG] [Fast Refresh] done in 64ms @ http://localhost:3000/_next/static/chunks/node_modules_next_dist_1e8vcs8._.js:791
[ 4563117ms] [LOG] [Fast Refresh] done in 64ms @ http://localhost:3000/_next/static/chunks/node_modules_next_dist_1e8vcs8._.js:791
[ 4563180ms] [LOG] [Fast Refresh] done in 64ms @ http://localhost:3000/_next/static/chunks/node_modules_next_dist_1e8vcs8._.js:791
[ 4563242ms] [LOG] [Fast Refresh] done in 64ms @ http://localhost:3000/_next/static/chunks/node_modules_next_dist_1e8vcs8._.js:791
[ 4563303ms] [LOG] [Fast Refresh] done in 64ms @ http://localhost:3000/_next/static/chunks/node_modules_next_dist_1e8vcs8._.js:791
[ 4563364ms] [LOG] [Fast Refresh] done in 64ms @ http://localhost:3000/_next/static/chunks/node_modules_next_dist_1e8vcs8._.js:791
[ 4563428ms] [LOG] [Fast Refresh] done in 64ms @ http://localhost:3000/_next/static/chunks/node_modules_next_dist_1e8vcs8._.js:791
[ 4563489ms] [LOG] [Fast Refresh] done in 64ms @ http://localhost:3000/_next/static/chunks/node_modules_next_dist_1e8vcs8._.js:791
[ 4563551ms] [LOG] [Fast Refresh] done in 64ms @ http://localhost:3000/_next/static/chunks/node_modules_next_dist_1e8vcs8._.js:791
[ 4563613ms] [LOG] [Fast Refresh] done in 64ms @ http://localhost:3000/_next/static/chunks/node_modules_next_dist_1e8vcs8._.js:791
[ 4563675ms] [LOG] [Fast Refresh] done in 64ms @ http://localhost:3000/_next/static/chunks/node_modules_next_dist_1e8vcs8._.js:791
[ 4563737ms] [LOG] [Fast Refresh] done in 64ms @ http://localhost:3000/_next/static/chunks/node_modules_next_dist_1e8vcs8._.js:791
[ 4563789ms] [LOG] [Fast Refresh] done in 64ms @ http://localhost:3000/_next/static/chunks/node_modules_next_dist_1e8vcs8._.js:791
[ 4563850ms] [LOG] [Fast Refresh] done in 64ms @ http://localhost:3000/_next/static/chunks/node_modules_next_dist_1e8vcs8._.js:791
[ 4563911ms] [LOG] [Fast Refresh] done in 64ms @ http://localhost:3000/_next/static/chunks/node_modules_next_dist_1e8vcs8._.js:791
[ 4563975ms] [LOG] [Fast Refresh] done in 64ms @ http://localhost:3000/_next/static/chunks/node_modules_next_dist_1e8vcs8._.js:791
[ 4564037ms] [LOG] [Fast Refresh] done in 64ms @ http://localhost:3000/_next/static/chunks/node_modules_next_dist_1e8vcs8._.js:791
[ 4564099ms] [LOG] [Fast Refresh] done in 64ms @ http://localhost:3000/_next/static/chunks/node_modules_next_dist_1e8vcs8._.js:791
[ 4564161ms] [LOG] [Fast Refresh] done in 64ms @ http://localhost:3000/_next/static/chunks/node_modules_next_dist_1e8vcs8._.js:791
[ 4564224ms] [LOG] [Fast Refresh] done in 64ms @ http://localhost:3000/_next/static/chunks/node_modules_next_dist_1e8vcs8._.js:791
[ 4564286ms] [LOG] [Fast Refresh] done in 64ms @ http://localhost:3000/_next/static/chunks/node_modules_next_dist_1e8vcs8._.js:791
[ 4564347ms] [LOG] [Fast Refresh] done in 64ms @ http://localhost:3000/_next/static/chunks/node_modules_next_dist_1e8vcs8._.js:791
[ 4564409ms] [LOG] [Fast Refresh] done in 64ms @ http://localhost:3000/_next/static/chunks/node_modules_next_dist_1e8vcs8._.js:791
[ 4564470ms] [LOG] [Fast Refresh] done in 64ms @ http://localhost:3000/_next/static/chunks/node_modules_next_dist_1e8vcs8._.js:791
[ 4564532ms] [LOG] [Fast Refresh] done in 64ms @ http://localhost:3000/_next/static/chunks/node_modules_next_dist_1e8vcs8._.js:791
[ 4564580ms] [LOG] [Fast Refresh] done in 64ms @ http://localhost:3000/_next/static/chunks/node_modules_next_dist_1e8vcs8._.js:791
[ 4564641ms] [LOG] [Fast Refresh] done in 64ms @ http://localhost:3000/_next/static/chunks/node_modules_next_dist_1e8vcs8._.js:791
[ 4564689ms] [LOG] [Fast Refresh] done in 64ms @ http://localhost:3000/_next/static/chunks/node_modules_next_dist_1e8vcs8._.js:791
[ 4564751ms] [LOG] [Fast Refresh] done in 64ms @ http://localhost:3000/_next/static/chunks/node_modules_next_dist_1e8vcs8._.js:791
[ 4564813ms] [LOG] [Fast Refresh] done in 64ms @ http://localhost:3000/_next/static/chunks/node_modules_next_dist_1e8vcs8._.js:791
[ 4564875ms] [LOG] [Fast Refresh] done in 64ms @ http://localhost:3000/_next/static/chunks/node_modules_next_dist_1e8vcs8._.js:791
[ 4564939ms] [LOG] [Fast Refresh] done in 64ms @ http://localhost:3000/_next/static/chunks/node_modules_next_dist_1e8vcs8._.js:791
[ 4565003ms] [LOG] [Fast Refresh] done in 64ms @ http://localhost:3000/_next/static/chunks/node_modules_next_dist_1e8vcs8._.js:791
[ 4565067ms] [LOG] [Fast Refresh] done in 64ms @ http://localhost:3000/_next/static/chunks/node_modules_next_dist_1e8vcs8._.js:791
[ 4565130ms] [LOG] [Fast Refresh] done in 64ms @ http://localhost:3000/_next/static/chunks/node_modules_next_dist_1e8vcs8._.js:791
[ 4565192ms] [LOG] [Fast Refresh] done in 64ms @ http://localhost:3000/_next/static/chunks/node_modules_next_dist_1e8vcs8._.js:791
[ 4565239ms] [LOG] [Fast Refresh] done in 64ms @ http://localhost:3000/_next/static/chunks/node_modules_next_dist_1e8vcs8._.js:791
[ 4565301ms] [LOG] [Fast Refresh] done in 64ms @ http://localhost:3000/_next/static/chunks/node_modules_next_dist_1e8vcs8._.js:791
[ 4565347ms] [LOG] [Fast Refresh] done in 64ms @ http://localhost:3000/_next/static/chunks/node_modules_next_dist_1e8vcs8._.js:791
[ 4565410ms] [LOG] [Fast Refresh] done in 64ms @ http://localhost:3000/_next/static/chunks/node_modules_next_dist_1e8vcs8._.js:791
[ 4565471ms] [LOG] [Fast Refresh] done in 64ms @ http://localhost:3000/_next/static/chunks/node_modules_next_dist_1e8vcs8._.js:791
[ 4565534ms] [LOG] [Fast Refresh] done in 64ms @ http://localhost:3000/_next/static/chunks/node_modules_next_dist_1e8vcs8._.js:791
[ 4565596ms] [LOG] [Fast Refresh] done in 64ms @ http://localhost:3000/_next/static/chunks/node_modules_next_dist_1e8vcs8._.js:791
[ 4565644ms] [LOG] [Fast Refresh] done in 64ms @ http://localhost:3000/_next/static/chunks/node_modules_next_dist_1e8vcs8._.js:791
[ 4565707ms] [LOG] [Fast Refresh] done in 64ms @ http://localhost:3000/_next/static/chunks/node_modules_next_dist_1e8vcs8._.js:791
[ 4565770ms] [LOG] [Fast Refresh] done in 64ms @ http://localhost:3000/_next/static/chunks/node_modules_next_dist_1e8vcs8._.js:791
[ 4565832ms] [LOG] [Fast Refresh] done in 64ms @ http://localhost:3000/_next/static/chunks/node_modules_next_dist_1e8vcs8._.js:791
[ 4565894ms] [LOG] [Fast Refresh] done in 64ms @ http://localhost:3000/_next/static/chunks/node_modules_next_dist_1e8vcs8._.js:791
[ 4565956ms] [LOG] [Fast Refresh] done in 64ms @ http://localhost:3000/_next/static/chunks/node_modules_next_dist_1e8vcs8._.js:791
[ 4566018ms] [LOG] [Fast Refresh] done in 64ms @ http://localhost:3000/_next/static/chunks/node_modules_next_dist_1e8vcs8._.js:791
[ 4566066ms] [LOG] [Fast Refresh] done in 64ms @ http://localhost:3000/_next/static/chunks/node_modules_next_dist_1e8vcs8._.js:791
[ 4566127ms] [LOG] [Fast Refresh] done in 64ms @ http://localhost:3000/_next/static/chunks/node_modules_next_dist_1e8vcs8._.js:791
[ 4566188ms] [LOG] [Fast Refresh] done in 64ms @ http://localhost:3000/_next/static/chunks/node_modules_next_dist_1e8vcs8._.js:791
[ 4566250ms] [LOG] [Fast Refresh] done in 64ms @ http://localhost:3000/_next/static/chunks/node_modules_next_dist_1e8vcs8._.js:791
[ 4566312ms] [LOG] [Fast Refresh] done in 64ms @ http://localhost:3000/_next/static/chunks/node_modules_next_dist_1e8vcs8._.js:791
[ 4566375ms] [LOG] [Fast Refresh] done in 64ms @ http://localhost:3000/_next/static/chunks/node_modules_next_dist_1e8vcs8._.js:791
[ 4566438ms] [LOG] [Fast Refresh] done in 64ms @ http://localhost:3000/_next/static/chunks/node_modules_next_dist_1e8vcs8._.js:791
[ 4566500ms] [LOG] [Fast Refresh] done in 64ms @ http://localhost:3000/_next/static/chunks/node_modules_next_dist_1e8vcs8._.js:791
[ 4566563ms] [LOG] [Fast Refresh] done in 64ms @ http://localhost:3000/_next/static/chunks/node_modules_next_dist_1e8vcs8._.js:791
[ 4566625ms] [LOG] [Fast Refresh] done in 64ms @ http://localhost:3000/_next/static/chunks/node_modules_next_dist_1e8vcs8._.js:791
[ 4566688ms] [LOG] [Fast Refresh] done in 64ms @ http://localhost:3000/_next/static/chunks/node_modules_next_dist_1e8vcs8._.js:791
[ 4566752ms] [LOG] [Fast Refresh] done in 64ms @ http://localhost:3000/_next/static/chunks/node_modules_next_dist_1e8vcs8._.js:791
[ 4566813ms] [LOG] [Fast Refresh] done in 64ms @ http://localhost:3000/_next/static/chunks/node_modules_next_dist_1e8vcs8._.js:791
[ 4566875ms] [LOG] [Fast Refresh] done in 64ms @ http://localhost:3000/_next/static/chunks/node_modules_next_dist_1e8vcs8._.js:791
[ 4566937ms] [LOG] [Fast Refresh] done in 64ms @ http://localhost:3000/_next/static/chunks/node_modules_next_dist_1e8vcs8._.js:791
[ 4566999ms] [LOG] [Fast Refresh] done in 64ms @ http://localhost:3000/_next/static/chunks/node_modules_next_dist_1e8vcs8._.js:791
[ 4567046ms] [LOG] [Fast Refresh] done in 64ms @ http://localhost:3000/_next/static/chunks/node_modules_next_dist_1e8vcs8._.js:791
[ 4567109ms] [LOG] [Fast Refresh] done in 64ms @ http://localhost:3000/_next/static/chunks/node_modules_next_dist_1e8vcs8._.js:791
[ 4567171ms] [LOG] [Fast Refresh] done in 64ms @ http://localhost:3000/_next/static/chunks/node_modules_next_dist_1e8vcs8._.js:791
[ 4567234ms] [LOG] [Fast Refresh] done in 64ms @ http://localhost:3000/_next/static/chunks/node_modules_next_dist_1e8vcs8._.js:791
[ 4567297ms] [LOG] [Fast Refresh] done in 64ms @ http://localhost:3000/_next/static/chunks/node_modules_next_dist_1e8vcs8._.js:791
[ 4567343ms] [LOG] [Fast Refresh] done in 64ms @ http://localhost:3000/_next/static/chunks/node_modules_next_dist_1e8vcs8._.js:791
[ 4567404ms] [LOG] [Fast Refresh] done in 64ms @ http://localhost:3000/_next/static/chunks/node_modules_next_dist_1e8vcs8._.js:791
[ 4567465ms] [LOG] [Fast Refresh] done in 64ms @ http://localhost:3000/_next/static/chunks/node_modules_next_dist_1e8vcs8._.js:791
[ 4567528ms] [LOG] [Fast Refresh] done in 64ms @ http://localhost:3000/_next/static/chunks/node_modules_next_dist_1e8vcs8._.js:791
[ 4567591ms] [LOG] [Fast Refresh] done in 64ms @ http://localhost:3000/_next/static/chunks/node_modules_next_dist_1e8vcs8._.js:791
[ 4567652ms] [LOG] [Fast Refresh] done in 64ms @ http://localhost:3000/_next/static/chunks/node_modules_next_dist_1e8vcs8._.js:791
[ 4567713ms] [LOG] [Fast Refresh] done in 64ms @ http://localhost:3000/_next/static/chunks/node_modules_next_dist_1e8vcs8._.js:791
[ 4567775ms] [LOG] [Fast Refresh] done in 64ms @ http://localhost:3000/_next/static/chunks/node_modules_next_dist_1e8vcs8._.js:791
[ 4567837ms] [LOG] [Fast Refresh] done in 64ms @ http://localhost:3000/_next/static/chunks/node_modules_next_dist_1e8vcs8._.js:791
[ 4567897ms] [LOG] [Fast Refresh] done in 64ms @ http://localhost:3000/_next/static/chunks/node_modules_next_dist_1e8vcs8._.js:791
[ 4567960ms] [LOG] [Fast Refresh] done in 64ms @ http://localhost:3000/_next/static/chunks/node_modules_next_dist_1e8vcs8._.js:791
[ 4568023ms] [LOG] [Fast Refresh] done in 64ms @ http://localhost:3000/_next/static/chunks/node_modules_next_dist_1e8vcs8._.js:791
[ 4568085ms] [LOG] [Fast Refresh] done in 64ms @ http://localhost:3000/_next/static/chunks/node_modules_next_dist_1e8vcs8._.js:791
[ 4568148ms] [LOG] [Fast Refresh] done in 64ms @ http://localhost:3000/_next/static/chunks/node_modules_next_dist_1e8vcs8._.js:791
[ 4568209ms] [LOG] [Fast Refresh] done in 64ms @ http://localhost:3000/_next/static/chunks/node_modules_next_dist_1e8vcs8._.js:791
[ 4568271ms] [LOG] [Fast Refresh] done in 64ms @ http://localhost:3000/_next/static/chunks/node_modules_next_dist_1e8vcs8._.js:791
[ 4568335ms] [LOG] [Fast Refresh] done in 64ms @ http://localhost:3000/_next/static/chunks/node_modules_next_dist_1e8vcs8._.js:791
[ 4568397ms] [LOG] [Fast Refresh] done in 64ms @ http://localhost:3000/_next/static/chunks/node_modules_next_dist_1e8vcs8._.js:791
[ 4568459ms] [LOG] [Fast Refresh] done in 64ms @ http://localhost:3000/_next/static/chunks/node_modules_next_dist_1e8vcs8._.js:791
[ 4568521ms] [LOG] [Fast Refresh] done in 64ms @ http://localhost:3000/_next/static/chunks/node_modules_next_dist_1e8vcs8._.js:791
[ 4568583ms] [LOG] [Fast Refresh] done in 64ms @ http://localhost:3000/_next/static/chunks/node_modules_next_dist_1e8vcs8._.js:791
[ 4568646ms] [LOG] [Fast Refresh] done in 64ms @ http://localhost:3000/_next/static/chunks/node_modules_next_dist_1e8vcs8._.js:791
[ 4568708ms] [LOG] [Fast Refresh] done in 64ms @ http://localhost:3000/_next/static/chunks/node_modules_next_dist_1e8vcs8._.js:791
[ 4568761ms] [LOG] [Fast Refresh] done in 64ms @ http://localhost:3000/_next/static/chunks/node_modules_next_dist_1e8vcs8._.js:791
[ 4568819ms] [LOG] [Fast Refresh] done in 64ms @ http://localhost:3000/_next/static/chunks/node_modules_next_dist_1e8vcs8._.js:791
[ 4568877ms] [LOG] [Fast Refresh] done in 64ms @ http://localhost:3000/_next/static/chunks/node_modules_next_dist_1e8vcs8._.js:791
[ 4568938ms] [LOG] [Fast Refresh] done in 64ms @ http://localhost:3000/_next/static/chunks/node_modules_next_dist_1e8vcs8._.js:791
[ 4569001ms] [LOG] [Fast Refresh] done in 64ms @ http://localhost:3000/_next/static/chunks/node_modules_next_dist_1e8vcs8._.js:791
[ 4569064ms] [LOG] [Fast Refresh] done in 64ms @ http://localhost:3000/_next/static/chunks/node_modules_next_dist_1e8vcs8._.js:791
[ 4569127ms] [LOG] [Fast Refresh] done in 64ms @ http://localhost:3000/_next/static/chunks/node_modules_next_dist_1e8vcs8._.js:791
[ 4569189ms] [LOG] [Fast Refresh] done in 64ms @ http://localhost:3000/_next/static/chunks/node_modules_next_dist_1e8vcs8._.js:791
[ 4569252ms] [LOG] [Fast Refresh] done in 64ms @ http://localhost:3000/_next/static/chunks/node_modules_next_dist_1e8vcs8._.js:791
[ 4569307ms] [LOG] [Fast Refresh] done in 64ms @ http://localhost:3000/_next/static/chunks/node_modules_next_dist_1e8vcs8._.js:791
[ 4569358ms] [LOG] [Fast Refresh] done in 64ms @ http://localhost:3000/_next/static/chunks/node_modules_next_dist_1e8vcs8._.js:791
[ 4569419ms] [LOG] [Fast Refresh] done in 64ms @ http://localhost:3000/_next/static/chunks/node_modules_next_dist_1e8vcs8._.js:791
[ 4569482ms] [LOG] [Fast Refresh] done in 64ms @ http://localhost:3000/_next/static/chunks/node_modules_next_dist_1e8vcs8._.js:791
[ 4569537ms] [LOG] [Fast Refresh] done in 64ms @ http://localhost:3000/_next/static/chunks/node_modules_next_dist_1e8vcs8._.js:791
[ 4569600ms] [LOG] [Fast Refresh] done in 64ms @ http://localhost:3000/_next/static/chunks/node_modules_next_dist_1e8vcs8._.js:791
[ 4569661ms] [LOG] [Fast Refresh] done in 64ms @ http://localhost:3000/_next/static/chunks/node_modules_next_dist_1e8vcs8._.js:791
[ 4569724ms] [LOG] [Fast Refresh] done in 64ms @ http://localhost:3000/_next/static/chunks/node_modules_next_dist_1e8vcs8._.js:791
[ 4569786ms] [LOG] [Fast Refresh] done in 64ms @ http://localhost:3000/_next/static/chunks/node_modules_next_dist_1e8vcs8._.js:791
[ 4569837ms] [LOG] [Fast Refresh] done in 64ms @ http://localhost:3000/_next/static/chunks/node_modules_next_dist_1e8vcs8._.js:791
[ 4569899ms] [LOG] [Fast Refresh] done in 64ms @ http://localhost:3000/_next/static/chunks/node_modules_next_dist_1e8vcs8._.js:791
[ 4569956ms] [LOG] [Fast Refresh] done in 64ms @ http://localhost:3000/_next/static/chunks/node_modules_next_dist_1e8vcs8._.js:791
[ 4570004ms] [LOG] [Fast Refresh] done in 64ms @ http://localhost:3000/_next/static/chunks/node_modules_next_dist_1e8vcs8._.js:791
[ 4570056ms] [LOG] [Fast Refresh] done in 64ms @ http://localhost:3000/_next/static/chunks/node_modules_next_dist_1e8vcs8._.js:791
[ 4570117ms] [LOG] [Fast Refresh] done in 64ms @ http://localhost:3000/_next/static/chunks/node_modules_next_dist_1e8vcs8._.js:791
[ 4570179ms] [LOG] [Fast Refresh] done in 64ms @ http://localhost:3000/_next/static/chunks/node_modules_next_dist_1e8vcs8._.js:791
[ 4570239ms] [LOG] [Fast Refresh] done in 64ms @ http://localhost:3000/_next/static/chunks/node_modules_next_dist_1e8vcs8._.js:791
[ 4570289ms] [LOG] [Fast Refresh] done in 64ms @ http://localhost:3000/_next/static/chunks/node_modules_next_dist_1e8vcs8._.js:791
[ 4570338ms] [LOG] [Fast Refresh] done in 64ms @ http://localhost:3000/_next/static/chunks/node_modules_next_dist_1e8vcs8._.js:791
[ 4570387ms] [LOG] [Fast Refresh] done in 64ms @ http://localhost:3000/_next/static/chunks/node_modules_next_dist_1e8vcs8._.js:791
[ 4570452ms] [LOG] [Fast Refresh] done in 64ms @ http://localhost:3000/_next/static/chunks/node_modules_next_dist_1e8vcs8._.js:791
[ 4570515ms] [LOG] [Fast Refresh] done in 64ms @ http://localhost:3000/_next/static/chunks/node_modules_next_dist_1e8vcs8._.js:791
[ 4570578ms] [LOG] [Fast Refresh] done in 64ms @ http://localhost:3000/_next/static/chunks/node_modules_next_dist_1e8vcs8._.js:791
[ 4570636ms] [LOG] [Fast Refresh] done in 64ms @ http://localhost:3000/_next/static/chunks/node_modules_next_dist_1e8vcs8._.js:791
[ 4570690ms] [LOG] [Fast Refresh] done in 64ms @ http://localhost:3000/_next/static/chunks/node_modules_next_dist_1e8vcs8._.js:791
[ 4570736ms] [LOG] [Fast Refresh] done in 64ms @ http://localhost:3000/_next/static/chunks/node_modules_next_dist_1e8vcs8._.js:791
[ 4570799ms] [LOG] [Fast Refresh] done in 64ms @ http://localhost:3000/_next/static/chunks/node_modules_next_dist_1e8vcs8._.js:791
[ 4570860ms] [LOG] [Fast Refresh] done in 64ms @ http://localhost:3000/_next/static/chunks/node_modules_next_dist_1e8vcs8._.js:791
[ 4570923ms] [LOG] [Fast Refresh] done in 64ms @ http://localhost:3000/_next/static/chunks/node_modules_next_dist_1e8vcs8._.js:791
[ 4570980ms] [LOG] [Fast Refresh] done in 64ms @ http://localhost:3000/_next/static/chunks/node_modules_next_dist_1e8vcs8._.js:791
[ 4571038ms] [LOG] [Fast Refresh] done in 64ms @ http://localhost:3000/_next/static/chunks/node_modules_next_dist_1e8vcs8._.js:791
[ 4571101ms] [LOG] [Fast Refresh] done in 64ms @ http://localhost:3000/_next/static/chunks/node_modules_next_dist_1e8vcs8._.js:791
[ 4571163ms] [LOG] [Fast Refresh] done in 64ms @ http://localhost:3000/_next/static/chunks/node_modules_next_dist_1e8vcs8._.js:791
[ 4571224ms] [LOG] [Fast Refresh] done in 64ms @ http://localhost:3000/_next/static/chunks/node_modules_next_dist_1e8vcs8._.js:791
[ 4571286ms] [LOG] [Fast Refresh] done in 64ms @ http://localhost:3000/_next/static/chunks/node_modules_next_dist_1e8vcs8._.js:791
[ 4571347ms] [LOG] [Fast Refresh] done in 64ms @ http://localhost:3000/_next/static/chunks/node_modules_next_dist_1e8vcs8._.js:791
[ 4571409ms] [LOG] [Fast Refresh] done in 64ms @ http://localhost:3000/_next/static/chunks/node_modules_next_dist_1e8vcs8._.js:791
[ 4571471ms] [LOG] [Fast Refresh] done in 64ms @ http://localhost:3000/_next/static/chunks/node_modules_next_dist_1e8vcs8._.js:791
[ 4571533ms] [LOG] [Fast Refresh] done in 64ms @ http://localhost:3000/_next/static/chunks/node_modules_next_dist_1e8vcs8._.js:791
[ 4571595ms] [LOG] [Fast Refresh] done in 64ms @ http://localhost:3000/_next/static/chunks/node_modules_next_dist_1e8vcs8._.js:791
[ 4571659ms] [LOG] [Fast Refresh] done in 64ms @ http://localhost:3000/_next/static/chunks/node_modules_next_dist_1e8vcs8._.js:791
[ 4571709ms] [LOG] [Fast Refresh] done in 64ms @ http://localhost:3000/_next/static/chunks/node_modules_next_dist_1e8vcs8._.js:791
[ 4571772ms] [LOG] [Fast Refresh] done in 64ms @ http://localhost:3000/_next/static/chunks/node_modules_next_dist_1e8vcs8._.js:791
[ 4571835ms] [LOG] [Fast Refresh] done in 64ms @ http://localhost:3000/_next/static/chunks/node_modules_next_dist_1e8vcs8._.js:791
[ 4571900ms] [LOG] [Fast Refresh] done in 64ms @ http://localhost:3000/_next/static/chunks/node_modules_next_dist_1e8vcs8._.js:791
[ 4571962ms] [LOG] [Fast Refresh] done in 64ms @ http://localhost:3000/_next/static/chunks/node_modules_next_dist_1e8vcs8._.js:791
[ 4572023ms] [LOG] [Fast Refresh] done in 64ms @ http://localhost:3000/_next/static/chunks/node_modules_next_dist_1e8vcs8._.js:791
[ 4572086ms] [LOG] [Fast Refresh] done in 64ms @ http://localhost:3000/_next/static/chunks/node_modules_next_dist_1e8vcs8._.js:791
[ 4572149ms] [LOG] [Fast Refresh] done in 64ms @ http://localhost:3000/_next/static/chunks/node_modules_next_dist_1e8vcs8._.js:791
[ 4572211ms] [LOG] [Fast Refresh] done in 64ms @ http://localhost:3000/_next/static/chunks/node_modules_next_dist_1e8vcs8._.js:791
[ 4572273ms] [LOG] [Fast Refresh] done in 64ms @ http://localhost:3000/_next/static/chunks/node_modules_next_dist_1e8vcs8._.js:791
[ 4572335ms] [LOG] [Fast Refresh] done in 64ms @ http://localhost:3000/_next/static/chunks/node_modules_next_dist_1e8vcs8._.js:791
[ 4572397ms] [LOG] [Fast Refresh] done in 64ms @ http://localhost:3000/_next/static/chunks/node_modules_next_dist_1e8vcs8._.js:791
[ 4572459ms] [LOG] [Fast Refresh] done in 64ms @ http://localhost:3000/_next/static/chunks/node_modules_next_dist_1e8vcs8._.js:791
[ 4572521ms] [LOG] [Fast Refresh] done in 64ms @ http://localhost:3000/_next/static/chunks/node_modules_next_dist_1e8vcs8._.js:791
[ 4572583ms] [LOG] [Fast Refresh] done in 64ms @ http://localhost:3000/_next/static/chunks/node_modules_next_dist_1e8vcs8._.js:791
[ 4572645ms] [LOG] [Fast Refresh] done in 64ms @ http://localhost:3000/_next/static/chunks/node_modules_next_dist_1e8vcs8._.js:791
[ 4572692ms] [LOG] [Fast Refresh] done in 64ms @ http://localhost:3000/_next/static/chunks/node_modules_next_dist_1e8vcs8._.js:791
[ 4572754ms] [LOG] [Fast Refresh] done in 64ms @ http://localhost:3000/_next/static/chunks/node_modules_next_dist_1e8vcs8._.js:791
[ 4572816ms] [LOG] [Fast Refresh] done in 64ms @ http://localhost:3000/_next/static/chunks/node_modules_next_dist_1e8vcs8._.js:791
[ 4572878ms] [LOG] [Fast Refresh] done in 64ms @ http://localhost:3000/_next/static/chunks/node_modules_next_dist_1e8vcs8._.js:791
[ 4572940ms] [LOG] [Fast Refresh] done in 64ms @ http://localhost:3000/_next/static/chunks/node_modules_next_dist_1e8vcs8._.js:791
[ 4573003ms] [LOG] [Fast Refresh] done in 64ms @ http://localhost:3000/_next/static/chunks/node_modules_next_dist_1e8vcs8._.js:791
[ 4573064ms] [LOG] [Fast Refresh] done in 64ms @ http://localhost:3000/_next/static/chunks/node_modules_next_dist_1e8vcs8._.js:791
[ 4573121ms] [LOG] [Fast Refresh] done in 64ms @ http://localhost:3000/_next/static/chunks/node_modules_next_dist_1e8vcs8._.js:791
[ 4573184ms] [LOG] [Fast Refresh] done in 64ms @ http://localhost:3000/_next/static/chunks/node_modules_next_dist_1e8vcs8._.js:791
[ 4573246ms] [LOG] [Fast Refresh] done in 64ms @ http://localhost:3000/_next/static/chunks/node_modules_next_dist_1e8vcs8._.js:791
[ 4573293ms] [LOG] [Fast Refresh] done in 64ms @ http://localhost:3000/_next/static/chunks/node_modules_next_dist_1e8vcs8._.js:791
[ 4573355ms] [LOG] [Fast Refresh] done in 64ms @ http://localhost:3000/_next/static/chunks/node_modules_next_dist_1e8vcs8._.js:791
[ 4573418ms] [LOG] [Fast Refresh] done in 64ms @ http://localhost:3000/_next/static/chunks/node_modules_next_dist_1e8vcs8._.js:791
[ 4573478ms] [LOG] [Fast Refresh] done in 64ms @ http://localhost:3000/_next/static/chunks/node_modules_next_dist_1e8vcs8._.js:791
[ 4573542ms] [LOG] [Fast Refresh] done in 64ms @ http://localhost:3000/_next/static/chunks/node_modules_next_dist_1e8vcs8._.js:791
[ 4573588ms] [LOG] [Fast Refresh] done in 64ms @ http://localhost:3000/_next/static/chunks/node_modules_next_dist_1e8vcs8._.js:791
[ 4573650ms] [LOG] [Fast Refresh] done in 64ms @ http://localhost:3000/_next/static/chunks/node_modules_next_dist_1e8vcs8._.js:791
[ 4573714ms] [LOG] [Fast Refresh] done in 64ms @ http://localhost:3000/_next/static/chunks/node_modules_next_dist_1e8vcs8._.js:791
[ 4573776ms] [LOG] [Fast Refresh] done in 64ms @ http://localhost:3000/_next/static/chunks/node_modules_next_dist_1e8vcs8._.js:791
[ 4573839ms] [LOG] [Fast Refresh] done in 64ms @ http://localhost:3000/_next/static/chunks/node_modules_next_dist_1e8vcs8._.js:791
[ 4573887ms] [LOG] [Fast Refresh] done in 64ms @ http://localhost:3000/_next/static/chunks/node_modules_next_dist_1e8vcs8._.js:791
[ 4573949ms] [LOG] [Fast Refresh] done in 64ms @ http://localhost:3000/_next/static/chunks/node_modules_next_dist_1e8vcs8._.js:791
[ 4574010ms] [LOG] [Fast Refresh] done in 64ms @ http://localhost:3000/_next/static/chunks/node_modules_next_dist_1e8vcs8._.js:791
[ 4574072ms] [LOG] [Fast Refresh] done in 64ms @ http://localhost:3000/_next/static/chunks/node_modules_next_dist_1e8vcs8._.js:791
[ 4574135ms] [LOG] [Fast Refresh] done in 64ms @ http://localhost:3000/_next/static/chunks/node_modules_next_dist_1e8vcs8._.js:791
[ 4574197ms] [LOG] [Fast Refresh] done in 64ms @ http://localhost:3000/_next/static/chunks/node_modules_next_dist_1e8vcs8._.js:791
[ 4574258ms] [LOG] [Fast Refresh] done in 64ms @ http://localhost:3000/_next/static/chunks/node_modules_next_dist_1e8vcs8._.js:791
[ 4574320ms] [LOG] [Fast Refresh] done in 64ms @ http://localhost:3000/_next/static/chunks/node_modules_next_dist_1e8vcs8._.js:791
[ 4574383ms] [LOG] [Fast Refresh] done in 64ms @ http://localhost:3000/_next/static/chunks/node_modules_next_dist_1e8vcs8._.js:791
[ 4574448ms] [LOG] [Fast Refresh] done in 64ms @ http://localhost:3000/_next/static/chunks/node_modules_next_dist_1e8vcs8._.js:791
[ 4574511ms] [LOG] [Fast Refresh] done in 64ms @ http://localhost:3000/_next/static/chunks/node_modules_next_dist_1e8vcs8._.js:791
[ 4574573ms] [LOG] [Fast Refresh] done in 64ms @ http://localhost:3000/_next/static/chunks/node_modules_next_dist_1e8vcs8._.js:791
[ 4574635ms] [LOG] [Fast Refresh] done in 64ms @ http://localhost:3000/_next/static/chunks/node_modules_next_dist_1e8vcs8._.js:791
[ 4574701ms] [LOG] [Fast Refresh] done in 64ms @ http://localhost:3000/_next/static/chunks/node_modules_next_dist_1e8vcs8._.js:791
[ 4574762ms] [LOG] [Fast Refresh] done in 64ms @ http://localhost:3000/_next/static/chunks/node_modules_next_dist_1e8vcs8._.js:791
[ 4574824ms] [LOG] [Fast Refresh] done in 64ms @ http://localhost:3000/_next/static/chunks/node_modules_next_dist_1e8vcs8._.js:791
[ 4574887ms] [LOG] [Fast Refresh] done in 64ms @ http://localhost:3000/_next/static/chunks/node_modules_next_dist_1e8vcs8._.js:791
[ 4574949ms] [LOG] [Fast Refresh] done in 64ms @ http://localhost:3000/_next/static/chunks/node_modules_next_dist_1e8vcs8._.js:791
[ 4575011ms] [LOG] [Fast Refresh] done in 64ms @ http://localhost:3000/_next/static/chunks/node_modules_next_dist_1e8vcs8._.js:791
[ 4575072ms] [LOG] [Fast Refresh] done in 64ms @ http://localhost:3000/_next/static/chunks/node_modules_next_dist_1e8vcs8._.js:791
[ 4575134ms] [LOG] [Fast Refresh] done in 64ms @ http://localhost:3000/_next/static/chunks/node_modules_next_dist_1e8vcs8._.js:791
[ 4575200ms] [LOG] [Fast Refresh] done in 64ms @ http://localhost:3000/_next/static/chunks/node_modules_next_dist_1e8vcs8._.js:791
[ 4575279ms] [LOG] [Fast Refresh] done in 64ms @ http://localhost:3000/_next/static/chunks/node_modules_next_dist_1e8vcs8._.js:791
[ 4575342ms] [LOG] [Fast Refresh] done in 64ms @ http://localhost:3000/_next/static/chunks/node_modules_next_dist_1e8vcs8._.js:791
[ 4575402ms] [LOG] [Fast Refresh] done in 64ms @ http://localhost:3000/_next/static/chunks/node_modules_next_dist_1e8vcs8._.js:791
[ 4575465ms] [LOG] [Fast Refresh] done in 64ms @ http://localhost:3000/_next/static/chunks/node_modules_next_dist_1e8vcs8._.js:791
[ 4575528ms] [LOG] [Fast Refresh] done in 64ms @ http://localhost:3000/_next/static/chunks/node_modules_next_dist_1e8vcs8._.js:791
[ 4575590ms] [LOG] [Fast Refresh] done in 64ms @ http://localhost:3000/_next/static/chunks/node_modules_next_dist_1e8vcs8._.js:791
[ 4575651ms] [LOG] [Fast Refresh] done in 64ms @ http://localhost:3000/_next/static/chunks/node_modules_next_dist_1e8vcs8._.js:791
[ 4575714ms] [LOG] [Fast Refresh] done in 64ms @ http://localhost:3000/_next/static/chunks/node_modules_next_dist_1e8vcs8._.js:791
[ 4575775ms] [LOG] [Fast Refresh] done in 64ms @ http://localhost:3000/_next/static/chunks/node_modules_next_dist_1e8vcs8._.js:791
[ 4575836ms] [LOG] [Fast Refresh] done in 64ms @ http://localhost:3000/_next/static/chunks/node_modules_next_dist_1e8vcs8._.js:791
[ 4575899ms] [LOG] [Fast Refresh] done in 64ms @ http://localhost:3000/_next/static/chunks/node_modules_next_dist_1e8vcs8._.js:791
[ 4575961ms] [LOG] [Fast Refresh] done in 64ms @ http://localhost:3000/_next/static/chunks/node_modules_next_dist_1e8vcs8._.js:791
[ 4576027ms] [LOG] [Fast Refresh] done in 64ms @ http://localhost:3000/_next/static/chunks/node_modules_next_dist_1e8vcs8._.js:791
[ 4576089ms] [LOG] [Fast Refresh] done in 64ms @ http://localhost:3000/_next/static/chunks/node_modules_next_dist_1e8vcs8._.js:791
[ 4576150ms] [LOG] [Fast Refresh] done in 64ms @ http://localhost:3000/_next/static/chunks/node_modules_next_dist_1e8vcs8._.js:791
[ 4576212ms] [LOG] [Fast Refresh] done in 64ms @ http://localhost:3000/_next/static/chunks/node_modules_next_dist_1e8vcs8._.js:791
[ 4576274ms] [LOG] [Fast Refresh] done in 64ms @ http://localhost:3000/_next/static/chunks/node_modules_next_dist_1e8vcs8._.js:791
[ 4576336ms] [LOG] [Fast Refresh] done in 64ms @ http://localhost:3000/_next/static/chunks/node_modules_next_dist_1e8vcs8._.js:791
[ 4576397ms] [LOG] [Fast Refresh] done in 64ms @ http://localhost:3000/_next/static/chunks/node_modules_next_dist_1e8vcs8._.js:791
[ 4576459ms] [LOG] [Fast Refresh] done in 64ms @ http://localhost:3000/_next/static/chunks/node_modules_next_dist_1e8vcs8._.js:791
[ 4576521ms] [LOG] [Fast Refresh] done in 64ms @ http://localhost:3000/_next/static/chunks/node_modules_next_dist_1e8vcs8._.js:791
[ 4576584ms] [LOG] [Fast Refresh] done in 64ms @ http://localhost:3000/_next/static/chunks/node_modules_next_dist_1e8vcs8._.js:791
[ 4576646ms] [LOG] [Fast Refresh] done in 64ms @ http://localhost:3000/_next/static/chunks/node_modules_next_dist_1e8vcs8._.js:791
[ 4576708ms] [LOG] [Fast Refresh] done in 64ms @ http://localhost:3000/_next/static/chunks/node_modules_next_dist_1e8vcs8._.js:791
[ 4576770ms] [LOG] [Fast Refresh] done in 64ms @ http://localhost:3000/_next/static/chunks/node_modules_next_dist_1e8vcs8._.js:791
[ 4576831ms] [LOG] [Fast Refresh] done in 64ms @ http://localhost:3000/_next/static/chunks/node_modules_next_dist_1e8vcs8._.js:791
[ 4576894ms] [LOG] [Fast Refresh] done in 64ms @ http://localhost:3000/_next/static/chunks/node_modules_next_dist_1e8vcs8._.js:791
[ 4576961ms] [LOG] [Fast Refresh] done in 64ms @ http://localhost:3000/_next/static/chunks/node_modules_next_dist_1e8vcs8._.js:791
[ 4577017ms] [LOG] [Fast Refresh] done in 64ms @ http://localhost:3000/_next/static/chunks/node_modules_next_dist_1e8vcs8._.js:791
[ 4577077ms] [LOG] [Fast Refresh] done in 64ms @ http://localhost:3000/_next/static/chunks/node_modules_next_dist_1e8vcs8._.js:791
[ 4577147ms] [LOG] [Fast Refresh] done in 64ms @ http://localhost:3000/_next/static/chunks/node_modules_next_dist_1e8vcs8._.js:791
[ 4577210ms] [LOG] [Fast Refresh] done in 64ms @ http://localhost:3000/_next/static/chunks/node_modules_next_dist_1e8vcs8._.js:791
[ 4577272ms] [LOG] [Fast Refresh] done in 64ms @ http://localhost:3000/_next/static/chunks/node_modules_next_dist_1e8vcs8._.js:791
[ 4577333ms] [LOG] [Fast Refresh] done in 64ms @ http://localhost:3000/_next/static/chunks/node_modules_next_dist_1e8vcs8._.js:791
[ 4577395ms] [LOG] [Fast Refresh] done in 64ms @ http://localhost:3000/_next/static/chunks/node_modules_next_dist_1e8vcs8._.js:791
[ 4577457ms] [LOG] [Fast Refresh] done in 64ms @ http://localhost:3000/_next/static/chunks/node_modules_next_dist_1e8vcs8._.js:791
[ 4577520ms] [LOG] [Fast Refresh] done in 64ms @ http://localhost:3000/_next/static/chunks/node_modules_next_dist_1e8vcs8._.js:791
[ 4577580ms] [LOG] [Fast Refresh] done in 64ms @ http://localhost:3000/_next/static/chunks/node_modules_next_dist_1e8vcs8._.js:791
[ 4577641ms] [LOG] [Fast Refresh] done in 64ms @ http://localhost:3000/_next/static/chunks/node_modules_next_dist_1e8vcs8._.js:791
[ 4577703ms] [LOG] [Fast Refresh] done in 64ms @ http://localhost:3000/_next/static/chunks/node_modules_next_dist_1e8vcs8._.js:791
[ 4577766ms] [LOG] [Fast Refresh] done in 64ms @ http://localhost:3000/_next/static/chunks/node_modules_next_dist_1e8vcs8._.js:791
[ 4577828ms] [LOG] [Fast Refresh] done in 64ms @ http://localhost:3000/_next/static/chunks/node_modules_next_dist_1e8vcs8._.js:791
[ 4577890ms] [LOG] [Fast Refresh] done in 64ms @ http://localhost:3000/_next/static/chunks/node_modules_next_dist_1e8vcs8._.js:791
[ 4577952ms] [LOG] [Fast Refresh] done in 64ms @ http://localhost:3000/_next/static/chunks/node_modules_next_dist_1e8vcs8._.js:791
[ 4578017ms] [LOG] [Fast Refresh] done in 64ms @ http://localhost:3000/_next/static/chunks/node_modules_next_dist_1e8vcs8._.js:791
[ 4578077ms] [LOG] [Fast Refresh] done in 64ms @ http://localhost:3000/_next/static/chunks/node_modules_next_dist_1e8vcs8._.js:791
[ 4578138ms] [LOG] [Fast Refresh] done in 64ms @ http://localhost:3000/_next/static/chunks/node_modules_next_dist_1e8vcs8._.js:791
[ 4578200ms] [LOG] [Fast Refresh] done in 64ms @ http://localhost:3000/_next/static/chunks/node_modules_next_dist_1e8vcs8._.js:791
[ 4578262ms] [LOG] [Fast Refresh] done in 64ms @ http://localhost:3000/_next/static/chunks/node_modules_next_dist_1e8vcs8._.js:791
[ 4578324ms] [LOG] [Fast Refresh] done in 64ms @ http://localhost:3000/_next/static/chunks/node_modules_next_dist_1e8vcs8._.js:791
[ 4578385ms] [LOG] [Fast Refresh] done in 64ms @ http://localhost:3000/_next/static/chunks/node_modules_next_dist_1e8vcs8._.js:791
[ 4578448ms] [LOG] [Fast Refresh] done in 64ms @ http://localhost:3000/_next/static/chunks/node_modules_next_dist_1e8vcs8._.js:791
[ 4578510ms] [LOG] [Fast Refresh] done in 64ms @ http://localhost:3000/_next/static/chunks/node_modules_next_dist_1e8vcs8._.js:791
[ 4578569ms] [LOG] [Fast Refresh] done in 64ms @ http://localhost:3000/_next/static/chunks/node_modules_next_dist_1e8vcs8._.js:791
[ 4578632ms] [LOG] [Fast Refresh] done in 64ms @ http://localhost:3000/_next/static/chunks/node_modules_next_dist_1e8vcs8._.js:791
[ 4578696ms] [LOG] [Fast Refresh] done in 64ms @ http://localhost:3000/_next/static/chunks/node_modules_next_dist_1e8vcs8._.js:791
[ 4578758ms] [LOG] [Fast Refresh] done in 64ms @ http://localhost:3000/_next/static/chunks/node_modules_next_dist_1e8vcs8._.js:791
[ 4578821ms] [LOG] [Fast Refresh] done in 64ms @ http://localhost:3000/_next/static/chunks/node_modules_next_dist_1e8vcs8._.js:791
[ 4578884ms] [LOG] [Fast Refresh] done in 64ms @ http://localhost:3000/_next/static/chunks/node_modules_next_dist_1e8vcs8._.js:791
[ 4578946ms] [LOG] [Fast Refresh] done in 64ms @ http://localhost:3000/_next/static/chunks/node_modules_next_dist_1e8vcs8._.js:791
[ 4579008ms] [LOG] [Fast Refresh] done in 64ms @ http://localhost:3000/_next/static/chunks/node_modules_next_dist_1e8vcs8._.js:791
[ 4579070ms] [LOG] [Fast Refresh] done in 64ms @ http://localhost:3000/_next/static/chunks/node_modules_next_dist_1e8vcs8._.js:791
[ 4579132ms] [LOG] [Fast Refresh] done in 64ms @ http://localhost:3000/_next/static/chunks/node_modules_next_dist_1e8vcs8._.js:791
[ 4579192ms] [LOG] [Fast Refresh] done in 64ms @ http://localhost:3000/_next/static/chunks/node_modules_next_dist_1e8vcs8._.js:791
[ 4579254ms] [LOG] [Fast Refresh] done in 64ms @ http://localhost:3000/_next/static/chunks/node_modules_next_dist_1e8vcs8._.js:791
[ 4579318ms] [LOG] [Fast Refresh] done in 64ms @ http://localhost:3000/_next/static/chunks/node_modules_next_dist_1e8vcs8._.js:791
[ 4579388ms] [LOG] [Fast Refresh] done in 64ms @ http://localhost:3000/_next/static/chunks/node_modules_next_dist_1e8vcs8._.js:791
[ 4579458ms] [LOG] [Fast Refresh] done in 64ms @ http://localhost:3000/_next/static/chunks/node_modules_next_dist_1e8vcs8._.js:791
[ 4579520ms] [LOG] [Fast Refresh] done in 64ms @ http://localhost:3000/_next/static/chunks/node_modules_next_dist_1e8vcs8._.js:791
[ 4579569ms] [LOG] [Fast Refresh] done in 64ms @ http://localhost:3000/_next/static/chunks/node_modules_next_dist_1e8vcs8._.js:791
[ 4579645ms] [LOG] [Fast Refresh] done in 64ms @ http://localhost:3000/_next/static/chunks/node_modules_next_dist_1e8vcs8._.js:791
[ 4579695ms] [LOG] [Fast Refresh] done in 64ms @ http://localhost:3000/_next/static/chunks/node_modules_next_dist_1e8vcs8._.js:791
[20345462ms] [LOG] Tawk.to widget fully loaded and ready @ http://localhost:3000/_next/static/chunks/node_modules_next_dist_1e8vcs8._.js:791
[20345463ms] [LOG] Tawk.to auto-popup already shown before, skipping @ http://localhost:3000/_next/static/chunks/node_modules_next_dist_1e8vcs8._.js:791
